"Year","Month","ices_rect","species_name","derogated","weight_to_publish"
2017,"1","40E8","Wrasse","pre-derogation","*"
2017,"4","40E4","Ballan","pre-derogation","*"
2017,"5","40E4","Ballan","pre-derogation","*"
2017,"5","41E7","Wrasse","pre-derogation","*"
2017,"5","42E3","Ballan","pre-derogation","*"
2017,"5","42E3","Corkwing","pre-derogation","*"
2017,"5","42E3","Goldsinny","pre-derogation","*"
2017,"5","42E4","Ballan","pre-derogation","*"
2017,"5","42E4","Corkwing","pre-derogation","*"
2017,"5","42E4","Cuckoo","pre-derogation","*"
2017,"5","42E4","Goldsinny","pre-derogation","*"
2017,"5","43E2","Ballan","pre-derogation","*"
2017,"5","43E2","Corkwing","pre-derogation","*"
2017,"5","43E2","Cuckoo","pre-derogation","*"
2017,"5","43E2","Goldsinny","pre-derogation","*"
2017,"5","43E2","Rock cook","pre-derogation","*"
2017,"5","43E3","Ballan","pre-derogation","0.23376"
2017,"5","43E3","Corkwing","pre-derogation","*"
2017,"5","43E3","Goldsinny","pre-derogation","*"
2017,"5","44E2","Ballan","pre-derogation","*"
2017,"5","44E3","Ballan","pre-derogation","*"
2017,"5","44E4","Ballan","pre-derogation","*"
2017,"5","45E3","Ballan","pre-derogation","*"
2017,"5","45E3","Corkwing","pre-derogation","*"
2017,"5","45E3","Goldsinny","pre-derogation","*"
2017,"6","40E4","Ballan","pre-derogation","*"
2017,"6","41E3","Ballan","pre-derogation","*"
2017,"6","41E3","Corkwing","pre-derogation","*"
2017,"6","41E3","Goldsinny","pre-derogation","*"
2017,"6","41E4","Ballan","pre-derogation","*"
2017,"6","41E4","Corkwing","pre-derogation","*"
2017,"6","41E4","Goldsinny","pre-derogation","*"
2017,"6","42E3","Ballan","pre-derogation","*"
2017,"6","42E3","Corkwing","pre-derogation","*"
2017,"6","42E3","Goldsinny","pre-derogation","*"
2017,"6","42E4","Ballan","pre-derogation","*"
2017,"6","42E4","Corkwing","pre-derogation","*"
2017,"6","42E4","Cuckoo","pre-derogation","*"
2017,"6","42E4","Goldsinny","pre-derogation","*"
2017,"6","43E2","Ballan","pre-derogation","*"
2017,"6","43E2","Corkwing","pre-derogation","*"
2017,"6","43E2","Cuckoo","pre-derogation","*"
2017,"6","43E2","Goldsinny","pre-derogation","*"
2017,"6","43E2","Rock cook","pre-derogation","*"
2017,"6","43E3","Ballan","pre-derogation","1.69467"
2017,"6","43E3","Corkwing","pre-derogation","0.106295"
2017,"6","43E3","Cuckoo","pre-derogation","0.01166"
2017,"6","43E3","Goldsinny","pre-derogation","0.21191"
2017,"6","43E4","Ballan","pre-derogation","*"
2017,"6","43E4","Cuckoo","pre-derogation","*"
2017,"6","43E4","Goldsinny","pre-derogation","*"
2017,"6","44E2","Ballan","pre-derogation","*"
2017,"6","44E3","Ballan","pre-derogation","*"
2017,"6","44E3","Corkwing","pre-derogation","*"
2017,"6","44E3","Cuckoo","pre-derogation","*"
2017,"6","44E3","Goldsinny","pre-derogation","*"
2017,"6","44E3","Rock cook","pre-derogation","*"
2017,"6","44E4","Ballan","pre-derogation","0.89168"
2017,"6","45E3","Ballan","pre-derogation","*"
2017,"6","45E3","Corkwing","pre-derogation","*"
2017,"6","45E3","Goldsinny","pre-derogation","*"
2017,"6","45E4","Ballan","pre-derogation","*"
2017,"7","40E4","Ballan","pre-derogation","*"
2017,"7","41E4","Ballan","pre-derogation","*"
2017,"7","41E4","Corkwing","pre-derogation","*"
2017,"7","41E4","Goldsinny","pre-derogation","*"
2017,"7","42E2","Ballan","pre-derogation","*"
2017,"7","42E2","Corkwing","pre-derogation","*"
2017,"7","42E2","Cuckoo","pre-derogation","*"
2017,"7","42E2","Goldsinny","pre-derogation","*"
2017,"7","42E2","Rock cook","pre-derogation","*"
2017,"7","42E4","Ballan","pre-derogation","*"
2017,"7","42E4","Corkwing","pre-derogation","*"
2017,"7","42E4","Cuckoo","pre-derogation","*"
2017,"7","42E4","Goldsinny","pre-derogation","*"
2017,"7","43E2","Ballan","pre-derogation","*"
2017,"7","43E2","Corkwing","pre-derogation","*"
2017,"7","43E2","Cuckoo","pre-derogation","*"
2017,"7","43E2","Goldsinny","pre-derogation","*"
2017,"7","43E2","Rock cook","pre-derogation","*"
2017,"7","43E3","Ballan","pre-derogation","0.861"
2017,"7","43E3","Corkwing","pre-derogation","0.10629"
2017,"7","43E3","Cuckoo","pre-derogation","0.04497"
2017,"7","43E3","Goldsinny","pre-derogation","0.36545"
2017,"7","43E4","Ballan","pre-derogation","1.35645"
2017,"7","43E4","Corkwing","pre-derogation","*"
2017,"7","43E4","Cuckoo","pre-derogation","0.02227"
2017,"7","43E4","Goldsinny","pre-derogation","0.15082"
2017,"7","44E2","Ballan","pre-derogation","*"
2017,"7","44E2","Goldsinny","pre-derogation","*"
2017,"7","44E3","Ballan","pre-derogation","*"
2017,"7","44E3","Corkwing","pre-derogation","*"
2017,"7","44E3","Cuckoo","pre-derogation","*"
2017,"7","44E3","Goldsinny","pre-derogation","*"
2017,"7","44E3","Rock cook","pre-derogation","*"
2017,"7","44E4","Ballan","pre-derogation","1.16683"
2017,"7","45E3","Ballan","pre-derogation","*"
2017,"7","45E3","Corkwing","pre-derogation","*"
2017,"7","45E3","Cuckoo","pre-derogation","*"
2017,"7","45E3","Goldsinny","pre-derogation","*"
2017,"7","45E4","Ballan","pre-derogation","0.142"
2017,"8","40E4","Ballan","pre-derogation","*"
2017,"8","41E4","Ballan","pre-derogation","*"
2017,"8","41E4","Corkwing","pre-derogation","*"
2017,"8","41E4","Goldsinny","pre-derogation","*"
2017,"8","42E2","Ballan","pre-derogation","*"
2017,"8","42E2","Corkwing","pre-derogation","*"
2017,"8","42E2","Cuckoo","pre-derogation","*"
2017,"8","42E2","Goldsinny","pre-derogation","*"
2017,"8","42E2","Rock cook","pre-derogation","*"
2017,"8","42E4","Ballan","pre-derogation","*"
2017,"8","42E4","Corkwing","pre-derogation","*"
2017,"8","42E4","Cuckoo","pre-derogation","*"
2017,"8","42E4","Goldsinny","pre-derogation","*"
2017,"8","42E7","Ballan","pre-derogation","*"
2017,"8","43E2","Ballan","pre-derogation","*"
2017,"8","43E2","Corkwing","pre-derogation","*"
2017,"8","43E2","Cuckoo","pre-derogation","*"
2017,"8","43E2","Goldsinny","pre-derogation","*"
2017,"8","43E2","Rock cook","pre-derogation","*"
2017,"8","43E2","Wrasse","pre-derogation","*"
2017,"8","43E3","Ballan","pre-derogation","2.54847"
2017,"8","43E3","Corkwing","pre-derogation","0.27032"
2017,"8","43E3","Cuckoo","pre-derogation","0.11774"
2017,"8","43E3","Goldsinny","pre-derogation","0.51485"
2017,"8","43E4","Ballan","pre-derogation","*"
2017,"8","43E4","Cuckoo","pre-derogation","*"
2017,"8","43E4","Goldsinny","pre-derogation","*"
2017,"8","44E2","Ballan","pre-derogation","*"
2017,"8","44E2","Goldsinny","pre-derogation","*"
2017,"8","44E3","Ballan","pre-derogation","*"
2017,"8","44E3","Corkwing","pre-derogation","*"
2017,"8","44E3","Cuckoo","pre-derogation","*"
2017,"8","44E3","Goldsinny","pre-derogation","*"
2017,"8","44E3","Rock cook","pre-derogation","*"
2017,"8","44E4","Ballan","pre-derogation","0.43328"
2017,"8","44E6","Ballan","pre-derogation","0.89852"
2017,"8","45E3","Ballan","pre-derogation","*"
2017,"8","45E3","Corkwing","pre-derogation","*"
2017,"8","45E3","Cuckoo","pre-derogation","*"
2017,"8","45E3","Goldsinny","pre-derogation","*"
2017,"8","45E4","Ballan","pre-derogation","*"
2017,"9","40E4","Ballan","pre-derogation","*"
2017,"9","42E2","Ballan","pre-derogation","*"
2017,"9","42E2","Corkwing","pre-derogation","*"
2017,"9","42E2","Cuckoo","pre-derogation","*"
2017,"9","42E2","Goldsinny","pre-derogation","*"
2017,"9","42E3","Ballan","pre-derogation","*"
2017,"9","42E3","Corkwing","pre-derogation","*"
2017,"9","42E3","Goldsinny","pre-derogation","*"
2017,"9","42E4","Ballan","pre-derogation","*"
2017,"9","42E4","Corkwing","pre-derogation","*"
2017,"9","42E4","Cuckoo","pre-derogation","*"
2017,"9","42E4","Goldsinny","pre-derogation","*"
2017,"9","43E2","Ballan","pre-derogation","*"
2017,"9","43E2","Corkwing","pre-derogation","*"
2017,"9","43E2","Cuckoo","pre-derogation","*"
2017,"9","43E2","Goldsinny","pre-derogation","*"
2017,"9","43E2","Rock cook","pre-derogation","*"
2017,"9","43E3","Ballan","pre-derogation","0.5403"
2017,"9","43E3","Corkwing","pre-derogation","0.25001"
2017,"9","43E3","Cuckoo","pre-derogation","0.0366"
2017,"9","43E3","Goldsinny","pre-derogation","0.21327"
2017,"9","43E3","Rock cook","pre-derogation","*"
2017,"9","43E4","Ballan","pre-derogation","*"
2017,"9","43E4","Corkwing","pre-derogation","*"
2017,"9","43E4","Cuckoo","pre-derogation","*"
2017,"9","43E4","Goldsinny","pre-derogation","*"
2017,"9","44E2","Ballan","pre-derogation","*"
2017,"9","44E3","Ballan","pre-derogation","*"
2017,"9","44E3","Corkwing","pre-derogation","*"
2017,"9","44E3","Cuckoo","pre-derogation","*"
2017,"9","44E3","Goldsinny","pre-derogation","*"
2017,"9","44E3","Rock cook","pre-derogation","*"
2017,"9","44E4","Ballan","pre-derogation","0.75314"
2017,"9","44E6","Ballan","pre-derogation","*"
2017,"9","44E6","Corkwing","pre-derogation","*"
2017,"9","45E3","Ballan","pre-derogation","*"
2017,"9","45E3","Corkwing","pre-derogation","*"
2017,"9","45E3","Goldsinny","pre-derogation","*"
2017,"9","45E4","Ballan","pre-derogation","0.13145"
2017,"9","45E8","Wrasse","pre-derogation","*"
2017,"10","40E4","Ballan","pre-derogation","*"
2017,"10","42E2","Ballan","pre-derogation","*"
2017,"10","42E2","Corkwing","pre-derogation","*"
2017,"10","42E2","Cuckoo","pre-derogation","*"
2017,"10","42E2","Goldsinny","pre-derogation","*"
2017,"10","42E3","Ballan","pre-derogation","*"
2017,"10","42E3","Corkwing","pre-derogation","*"
2017,"10","42E3","Goldsinny","pre-derogation","*"
2017,"10","42E4","Ballan","pre-derogation","*"
2017,"10","42E4","Corkwing","pre-derogation","*"
2017,"10","42E4","Cuckoo","pre-derogation","*"
2017,"10","42E4","Goldsinny","pre-derogation","*"
2017,"10","43E2","Ballan","pre-derogation","*"
2017,"10","43E2","Corkwing","pre-derogation","*"
2017,"10","43E2","Cuckoo","pre-derogation","*"
2017,"10","43E2","Goldsinny","pre-derogation","*"
2017,"10","43E2","Rock cook","pre-derogation","*"
2017,"10","43E3","Ballan","pre-derogation","*"
2017,"10","43E3","Corkwing","pre-derogation","*"
2017,"10","43E3","Goldsinny","pre-derogation","*"
2017,"10","43E3","Rock cook","pre-derogation","*"
2017,"10","43E4","Ballan","pre-derogation","2.12296"
2017,"10","43E4","Corkwing","pre-derogation","*"
2017,"10","43E4","Cuckoo","pre-derogation","*"
2017,"10","43E4","Goldsinny","pre-derogation","*"
2017,"10","44E2","Ballan","pre-derogation","*"
2017,"10","44E3","Ballan","pre-derogation","*"
2017,"10","44E3","Corkwing","pre-derogation","*"
2017,"10","44E3","Cuckoo","pre-derogation","*"
2017,"10","44E3","Goldsinny","pre-derogation","*"
2017,"10","44E3","Rock cook","pre-derogation","*"
2017,"10","44E4","Ballan","pre-derogation","*"
2017,"10","45E3","Ballan","pre-derogation","*"
2017,"10","45E3","Corkwing","pre-derogation","*"
2017,"10","45E3","Goldsinny","pre-derogation","*"
2017,"10","45E4","Ballan","pre-derogation","*"
2017,"11","42E2","Ballan","pre-derogation","*"
2017,"11","42E2","Corkwing","pre-derogation","*"
2017,"11","42E2","Cuckoo","pre-derogation","*"
2017,"11","42E2","Goldsinny","pre-derogation","*"
2017,"11","42E3","Ballan","pre-derogation","*"
2017,"11","42E3","Corkwing","pre-derogation","*"
2017,"11","42E3","Goldsinny","pre-derogation","*"
2017,"11","42E4","Ballan","pre-derogation","*"
2017,"11","42E4","Corkwing","pre-derogation","*"
2017,"11","42E4","Cuckoo","pre-derogation","*"
2017,"11","42E4","Goldsinny","pre-derogation","*"
2017,"11","43E2","Ballan","pre-derogation","*"
2017,"11","43E2","Corkwing","pre-derogation","*"
2017,"11","43E2","Cuckoo","pre-derogation","*"
2017,"11","43E2","Goldsinny","pre-derogation","*"
2017,"11","43E2","Rock cook","pre-derogation","*"
2017,"11","43E3","Ballan","pre-derogation","*"
2017,"11","43E3","Corkwing","pre-derogation","*"
2017,"11","43E3","Goldsinny","pre-derogation","*"
2017,"11","43E3","Rock cook","pre-derogation","*"
2017,"11","43E4","Ballan","pre-derogation","*"
2017,"11","43E4","Corkwing","pre-derogation","*"
2017,"11","43E4","Cuckoo","pre-derogation","*"
2017,"11","43E4","Goldsinny","pre-derogation","*"
2017,"11","43E4","Rock cook","pre-derogation","*"
2017,"11","44E2","Ballan","pre-derogation","*"
2017,"11","44E3","Ballan","pre-derogation","*"
2017,"11","44E3","Corkwing","pre-derogation","*"
2017,"11","44E3","Cuckoo","pre-derogation","*"
2017,"11","44E3","Goldsinny","pre-derogation","*"
2017,"11","44E3","Rock cook","pre-derogation","*"
2017,"11","45E4","Ballan","pre-derogation","*"
2018,"5","41E4","Ballan","pre-derogation","*"
2018,"5","41E4","Corkwing","pre-derogation","*"
2018,"5","41E4","Cuckoo","pre-derogation","*"
2018,"5","42E3","Ballan","pre-derogation","*"
2018,"5","42E3","Corkwing","pre-derogation","*"
2018,"5","42E3","Cuckoo","pre-derogation","*"
2018,"5","42E3","Goldsinny","pre-derogation","*"
2018,"5","43E3","Ballan","pre-derogation","*"
2018,"5","43E3","Corkwing","pre-derogation","*"
2018,"5","43E3","Goldsinny","pre-derogation","*"
2018,"5","43E3","Rock cook","pre-derogation","*"
2018,"5","44E2","Ballan","pre-derogation","*"
2018,"5","44E4","Ballan","pre-derogation","*"
2018,"6","41E4","Ballan","pre-derogation","*"
2018,"6","41E4","Corkwing","pre-derogation","*"
2018,"6","41E4","Cuckoo","pre-derogation","*"
2018,"6","41E4","Goldsinny","pre-derogation","*"
2018,"6","42E2","Ballan","pre-derogation","*"
2018,"6","42E2","Corkwing","pre-derogation","*"
2018,"6","42E2","Cuckoo","pre-derogation","*"
2018,"6","42E2","Goldsinny","pre-derogation","*"
2018,"6","42E3","Ballan","pre-derogation","*"
2018,"6","42E3","Corkwing","pre-derogation","*"
2018,"6","42E3","Cuckoo","pre-derogation","*"
2018,"6","42E3","Goldsinny","pre-derogation","*"
2018,"6","42E4","Ballan","pre-derogation","*"
2018,"6","42E4","Corkwing","pre-derogation","*"
2018,"6","42E4","Cuckoo","pre-derogation","*"
2018,"6","42E4","Goldsinny","pre-derogation","*"
2018,"6","43E2","Ballan","pre-derogation","*"
2018,"6","43E2","Corkwing","pre-derogation","*"
2018,"6","43E2","Cuckoo","pre-derogation","*"
2018,"6","43E2","Goldsinny","pre-derogation","*"
2018,"6","43E2","Rock cook","pre-derogation","*"
2018,"6","43E3","Ballan","pre-derogation","1.58283"
2018,"6","43E3","Corkwing","pre-derogation","0.07541"
2018,"6","43E3","Cuckoo","pre-derogation","*"
2018,"6","43E3","Goldsinny","pre-derogation","0.20625"
2018,"6","43E3","Rock cook","pre-derogation","*"
2018,"6","43E4","Ballan","pre-derogation","0.25828"
2018,"6","44E2","Ballan","pre-derogation","0.3504"
2018,"6","44E2","Corkwing","pre-derogation","*"
2018,"6","44E2","Cuckoo","pre-derogation","*"
2018,"6","44E2","Goldsinny","pre-derogation","*"
2018,"6","44E2","Rock cook","pre-derogation","*"
2018,"6","44E3","Ballan","pre-derogation","*"
2018,"6","44E4","Ballan","pre-derogation","0.4905"
2018,"6","44E4","Cuckoo","pre-derogation","*"
2018,"6","45E3","Ballan","pre-derogation","*"
2018,"6","45E4","Ballan","pre-derogation","*"
2018,"7","41E4","Ballan","pre-derogation","*"
2018,"7","41E4","Corkwing","pre-derogation","*"
2018,"7","41E4","Cuckoo","pre-derogation","*"
2018,"7","41E4","Goldsinny","pre-derogation","*"
2018,"7","42E2","Ballan","pre-derogation","*"
2018,"7","42E2","Corkwing","pre-derogation","*"
2018,"7","42E2","Cuckoo","pre-derogation","*"
2018,"7","42E2","Goldsinny","pre-derogation","*"
2018,"7","42E3","Ballan","pre-derogation","*"
2018,"7","42E3","Corkwing","pre-derogation","*"
2018,"7","42E3","Cuckoo","pre-derogation","*"
2018,"7","42E3","Goldsinny","pre-derogation","*"
2018,"7","42E4","Ballan","pre-derogation","*"
2018,"7","42E4","Corkwing","pre-derogation","*"
2018,"7","42E4","Cuckoo","pre-derogation","*"
2018,"7","42E4","Goldsinny","pre-derogation","*"
2018,"7","43E2","Ballan","pre-derogation","*"
2018,"7","43E2","Corkwing","pre-derogation","*"
2018,"7","43E2","Cuckoo","pre-derogation","*"
2018,"7","43E2","Goldsinny","pre-derogation","*"
2018,"7","43E2","Rock cook","pre-derogation","*"
2018,"7","43E3","Ballan","pre-derogation","3.45988"
2018,"7","43E3","Corkwing","pre-derogation","0.17688"
2018,"7","43E3","Cuckoo","pre-derogation","0.061162"
2018,"7","43E3","Goldsinny","pre-derogation","0.21748"
2018,"7","43E3","Rock cook","pre-derogation","*"
2018,"7","43E4","Ballan","pre-derogation","0.79177"
2018,"7","43E4","Corkwing","pre-derogation","0.00409"
2018,"7","43E4","Cuckoo","pre-derogation","0.00933"
2018,"7","43E4","Goldsinny","pre-derogation","0.09386"
2018,"7","43E4","Rock cook","pre-derogation","*"
2018,"7","44E2","Ballan","pre-derogation","*"
2018,"7","44E3","Ballan","pre-derogation","0.09846"
2018,"7","44E3","Corkwing","pre-derogation","*"
2018,"7","44E3","Cuckoo","pre-derogation","*"
2018,"7","44E3","Goldsinny","pre-derogation","*"
2018,"7","44E3","Rock cook","pre-derogation","*"
2018,"7","44E4","Ballan","pre-derogation","0.5589"
2018,"7","44E4","Cuckoo","pre-derogation","*"
2018,"7","44E6","Ballan","pre-derogation","*"
2018,"7","44E6","Corkwing","pre-derogation","*"
2018,"7","44E6","Goldsinny","pre-derogation","*"
2018,"7","45E3","Ballan","pre-derogation","*"
2018,"7","45E3","Corkwing","pre-derogation","*"
2018,"7","45E3","Cuckoo","pre-derogation","*"
2018,"7","45E3","Goldsinny","pre-derogation","*"
2018,"7","45E4","Ballan","pre-derogation","*"
2018,"8","41E3","Ballan","pre-derogation","*"
2018,"8","41E3","Corkwing","pre-derogation","*"
2018,"8","41E3","Cuckoo","pre-derogation","*"
2018,"8","41E3","Goldsinny","pre-derogation","*"
2018,"8","41E4","Ballan","pre-derogation","*"
2018,"8","41E4","Corkwing","pre-derogation","*"
2018,"8","41E4","Cuckoo","pre-derogation","*"
2018,"8","41E4","Goldsinny","pre-derogation","*"
2018,"8","42E2","Ballan","pre-derogation","*"
2018,"8","42E2","Corkwing","pre-derogation","*"
2018,"8","42E2","Cuckoo","pre-derogation","*"
2018,"8","42E2","Goldsinny","pre-derogation","*"
2018,"8","42E3","Ballan","pre-derogation","*"
2018,"8","42E3","Corkwing","pre-derogation","*"
2018,"8","42E3","Cuckoo","pre-derogation","*"
2018,"8","42E3","Goldsinny","pre-derogation","*"
2018,"8","42E4","Ballan","pre-derogation","1.5072"
2018,"8","42E4","Corkwing","pre-derogation","0.1723"
2018,"8","42E4","Cuckoo","pre-derogation","*"
2018,"8","42E4","Goldsinny","pre-derogation","0.2811"
2018,"8","42E4","Rock cook","pre-derogation","*"
2018,"8","43E2","Ballan","pre-derogation","*"
2018,"8","43E2","Corkwing","pre-derogation","*"
2018,"8","43E2","Cuckoo","pre-derogation","*"
2018,"8","43E2","Goldsinny","pre-derogation","*"
2018,"8","43E2","Rock cook","pre-derogation","*"
2018,"8","43E3","Ballan","pre-derogation","1.18172"
2018,"8","43E3","Corkwing","pre-derogation","0.16536"
2018,"8","43E3","Cuckoo","pre-derogation","0.23409"
2018,"8","43E3","Goldsinny","pre-derogation","0.49033"
2018,"8","43E3","Rock cook","pre-derogation","*"
2018,"8","43E4","Ballan","pre-derogation","0.0805"
2018,"8","43E4","Corkwing","pre-derogation","*"
2018,"8","43E4","Cuckoo","pre-derogation","0.0117"
2018,"8","43E4","Goldsinny","pre-derogation","0.072"
2018,"8","43E4","Rock cook","pre-derogation","*"
2018,"8","44E2","Ballan","pre-derogation","0.44504"
2018,"8","44E2","Corkwing","pre-derogation","*"
2018,"8","44E2","Cuckoo","pre-derogation","*"
2018,"8","44E2","Goldsinny","pre-derogation","*"
2018,"8","44E2","Rock cook","pre-derogation","*"
2018,"8","44E3","Ballan","pre-derogation","0.119"
2018,"8","44E3","Corkwing","pre-derogation","*"
2018,"8","44E3","Cuckoo","pre-derogation","*"
2018,"8","44E3","Goldsinny","pre-derogation","*"
2018,"8","44E3","Rock cook","pre-derogation","*"
2018,"8","44E4","Ballan","pre-derogation","0.68188"
2018,"8","44E4","Cuckoo","pre-derogation","*"
2018,"8","44E6","Ballan","pre-derogation","*"
2018,"8","44E6","Corkwing","pre-derogation","*"
2018,"8","44E6","Goldsinny","pre-derogation","*"
2018,"8","45E4","Ballan","pre-derogation","*"
2018,"8","46E6","Ballan","pre-derogation","*"
2018,"8","46E7","Wrasse","pre-derogation","*"
2018,"8","47E6","Ballan","pre-derogation","*"
2018,"8","47E7","Ballan","pre-derogation","0.06186"
2018,"9","40E4","Ballan","pre-derogation","*"
2018,"9","40E4","Goldsinny","pre-derogation","*"
2018,"9","41E4","Ballan","pre-derogation","*"
2018,"9","41E4","Corkwing","pre-derogation","*"
2018,"9","41E4","Cuckoo","pre-derogation","*"
2018,"9","41E4","Goldsinny","pre-derogation","*"
2018,"9","42E2","Ballan","pre-derogation","*"
2018,"9","42E2","Corkwing","pre-derogation","*"
2018,"9","42E2","Cuckoo","pre-derogation","*"
2018,"9","42E2","Goldsinny","pre-derogation","*"
2018,"9","42E3","Ballan","pre-derogation","*"
2018,"9","42E3","Corkwing","pre-derogation","*"
2018,"9","42E3","Cuckoo","pre-derogation","*"
2018,"9","42E3","Goldsinny","pre-derogation","*"
2018,"9","42E4","Ballan","pre-derogation","1.9079"
2018,"9","42E4","Corkwing","pre-derogation","0.3222"
2018,"9","42E4","Cuckoo","pre-derogation","*"
2018,"9","42E4","Goldsinny","pre-derogation","0.3133"
2018,"9","42E4","Rock cook","pre-derogation","*"
2018,"9","43E2","Ballan","pre-derogation","*"
2018,"9","43E2","Corkwing","pre-derogation","*"
2018,"9","43E2","Cuckoo","pre-derogation","*"
2018,"9","43E2","Goldsinny","pre-derogation","*"
2018,"9","43E2","Rock cook","pre-derogation","*"
2018,"9","43E3","Ballan","pre-derogation","0.7796"
2018,"9","43E3","Corkwing","pre-derogation","*"
2018,"9","43E3","Cuckoo","pre-derogation","0.18875"
2018,"9","43E3","Goldsinny","pre-derogation","0.29835"
2018,"9","43E3","Rock cook","pre-derogation","*"
2018,"9","43E4","Ballan","pre-derogation","*"
2018,"9","43E4","Corkwing","pre-derogation","*"
2018,"9","43E4","Cuckoo","pre-derogation","*"
2018,"9","43E4","Goldsinny","pre-derogation","*"
2018,"9","43E4","Rock cook","pre-derogation","*"
2018,"9","44E2","Ballan","pre-derogation","0.39296"
2018,"9","44E2","Corkwing","pre-derogation","*"
2018,"9","44E2","Cuckoo","pre-derogation","*"
2018,"9","44E2","Goldsinny","pre-derogation","*"
2018,"9","44E2","Rock cook","pre-derogation","*"
2018,"9","44E3","Ballan","pre-derogation","0.12514"
2018,"9","44E3","Corkwing","pre-derogation","*"
2018,"9","44E3","Cuckoo","pre-derogation","*"
2018,"9","44E3","Goldsinny","pre-derogation","*"
2018,"9","44E3","Rock cook","pre-derogation","*"
2018,"9","44E4","Ballan","pre-derogation","*"
2018,"9","44E6","Ballan","pre-derogation","*"
2018,"9","44E6","Corkwing","pre-derogation","*"
2018,"9","44E6","Goldsinny","pre-derogation","*"
2018,"9","47E6","Ballan","pre-derogation","0.3486"
2018,"9","47E7","Ballan","pre-derogation","*"
2018,"10","40E4","Ballan","pre-derogation","*"
2018,"10","40E4","Goldsinny","pre-derogation","*"
2018,"10","41E4","Ballan","pre-derogation","*"
2018,"10","41E4","Corkwing","pre-derogation","*"
2018,"10","41E4","Cuckoo","pre-derogation","*"
2018,"10","41E4","Goldsinny","pre-derogation","*"
2018,"10","42E3","Ballan","pre-derogation","*"
2018,"10","42E3","Corkwing","pre-derogation","*"
2018,"10","42E3","Cuckoo","pre-derogation","*"
2018,"10","42E3","Goldsinny","pre-derogation","*"
2018,"10","42E4","Ballan","pre-derogation","1.053"
2018,"10","42E4","Corkwing","pre-derogation","0.20375"
2018,"10","42E4","Cuckoo","pre-derogation","*"
2018,"10","42E4","Goldsinny","pre-derogation","0.1959"
2018,"10","42E4","Rock cook","pre-derogation","*"
2018,"10","43E2","Ballan","pre-derogation","*"
2018,"10","43E2","Corkwing","pre-derogation","*"
2018,"10","43E2","Cuckoo","pre-derogation","*"
2018,"10","43E2","Goldsinny","pre-derogation","*"
2018,"10","43E2","Rock cook","pre-derogation","*"
2018,"10","43E3","Ballan","pre-derogation","0.4896"
2018,"10","43E3","Corkwing","pre-derogation","0.1391"
2018,"10","43E3","Cuckoo","pre-derogation","0.18475"
2018,"10","43E3","Goldsinny","pre-derogation","0.26557"
2018,"10","43E3","Rock cook","pre-derogation","*"
2018,"10","43E4","Ballan","pre-derogation","*"
2018,"10","44E2","Ballan","pre-derogation","*"
2018,"10","44E2","Corkwing","pre-derogation","*"
2018,"10","44E2","Cuckoo","pre-derogation","*"
2018,"10","44E2","Goldsinny","pre-derogation","*"
2018,"10","44E3","Ballan","pre-derogation","*"
2018,"10","44E3","Corkwing","pre-derogation","*"
2018,"10","44E3","Cuckoo","pre-derogation","*"
2018,"10","44E3","Goldsinny","pre-derogation","*"
2018,"10","44E3","Rock cook","pre-derogation","*"
2018,"10","44E4","Ballan","pre-derogation","*"
2018,"10","44E4","Corkwing","pre-derogation","*"
2018,"10","44E4","Cuckoo","pre-derogation","*"
2018,"10","44E4","Goldsinny","pre-derogation","*"
2018,"10","44E6","Corkwing","pre-derogation","*"
2018,"10","44E6","Goldsinny","pre-derogation","*"
2018,"10","44E8","Cuckoo","pre-derogation","*"
2018,"10","45E3","Ballan","pre-derogation","*"
2018,"10","45E3","Cuckoo","pre-derogation","*"
2018,"10","45E3","Goldsinny","pre-derogation","*"
2018,"10","45E3","Rock cook","pre-derogation","*"
2018,"10","45E4","Ballan","pre-derogation","*"
2018,"10","46E7","Ballan","pre-derogation","*"
2018,"10","47E6","Ballan","pre-derogation","0.32736"
2018,"10","47E7","Ballan","pre-derogation","*"
2018,"11","40E4","Ballan","pre-derogation","*"
2018,"11","40E4","Goldsinny","pre-derogation","*"
2018,"11","42E3","Ballan","pre-derogation","*"
2018,"11","42E3","Corkwing","pre-derogation","*"
2018,"11","42E3","Cuckoo","pre-derogation","*"
2018,"11","42E3","Goldsinny","pre-derogation","*"
2018,"11","43E2","Ballan","pre-derogation","*"
2018,"11","43E2","Corkwing","pre-derogation","*"
2018,"11","43E2","Cuckoo","pre-derogation","*"
2018,"11","43E2","Goldsinny","pre-derogation","*"
2018,"11","43E2","Rock cook","pre-derogation","*"
2018,"11","43E3","Ballan","pre-derogation","*"
2018,"11","43E3","Cuckoo","pre-derogation","*"
2018,"11","43E3","Goldsinny","pre-derogation","*"
2018,"11","44E4","Ballan","pre-derogation","*"
2018,"11","44E4","Corkwing","pre-derogation","*"
2018,"11","44E4","Cuckoo","pre-derogation","*"
2018,"11","44E4","Goldsinny","pre-derogation","*"
2018,"11","45E3","Ballan","pre-derogation","*"
2018,"11","45E3","Cuckoo","pre-derogation","*"
2018,"11","45E3","Goldsinny","pre-derogation","*"
2018,"11","45E3","Rock cook","pre-derogation","*"
2018,"11","45E4","Ballan","pre-derogation","*"
2018,"11","47E6","Ballan","pre-derogation","0.09156"
2018,"11","47E7","Ballan","pre-derogation","*"
2018,"12","47E6","Ballan","pre-derogation","*"
2019,"1","44E8","Ballan","pre-derogation","*"
2019,"4","46E6","Ballan","pre-derogation","*"
2019,"5","42E3","Ballan","pre-derogation","*"
2019,"5","42E3","Corkwing","pre-derogation","*"
2019,"5","42E3","Cuckoo","pre-derogation","*"
2019,"5","42E3","Goldsinny","pre-derogation","*"
2019,"5","42E4","Ballan","pre-derogation","0.3426"
2019,"5","42E4","Corkwing","pre-derogation","0.1277"
2019,"5","42E4","Cuckoo","pre-derogation","0.04435"
2019,"5","42E4","Goldsinny","pre-derogation","0.1191"
2019,"5","43E2","Ballan","pre-derogation","*"
2019,"5","43E3","Ballan","pre-derogation","0.27377"
2019,"5","43E3","Corkwing","pre-derogation","*"
2019,"5","43E3","Goldsinny","pre-derogation","*"
2019,"5","43E3","Rock cook","pre-derogation","*"
2019,"5","43E4","Ballan","pre-derogation","*"
2019,"5","44E2","Ballan","pre-derogation","*"
2019,"5","44E2","Corkwing","pre-derogation","*"
2019,"5","44E2","Cuckoo","pre-derogation","*"
2019,"5","44E2","Goldsinny","pre-derogation","*"
2019,"5","44E2","Rock cook","pre-derogation","*"
2019,"5","44E3","Ballan","pre-derogation","0.041"
2019,"5","44E3","Corkwing","pre-derogation","*"
2019,"5","44E3","Cuckoo","pre-derogation","*"
2019,"5","44E3","Goldsinny","pre-derogation","0.067"
2019,"5","44E3","Rock cook","pre-derogation","*"
2019,"5","44E4","Ballan","pre-derogation","*"
2019,"5","44E4","Goldsinny","pre-derogation","*"
2019,"5","45E3","Ballan","pre-derogation","*"
2019,"5","45E3","Cuckoo","pre-derogation","*"
2019,"5","45E3","Goldsinny","pre-derogation","*"
2019,"5","45E3","Rock cook","pre-derogation","*"
2019,"5","45E4","Ballan","pre-derogation","*"
2019,"5","45E4","Corkwing","pre-derogation","*"
2019,"5","45E4","Cuckoo","pre-derogation","*"
2019,"5","45E4","Goldsinny","pre-derogation","*"
2019,"5","46E6","Ballan","pre-derogation","*"
2019,"5","47E6","Ballan","pre-derogation","0.06032"
2019,"5","47E7","Ballan","pre-derogation","0.02792"
2019,"6","40E4","Ballan","pre-derogation","*"
2019,"6","40E4","Corkwing","pre-derogation","*"
2019,"6","40E4","Cuckoo","pre-derogation","*"
2019,"6","40E4","Goldsinny","pre-derogation","*"
2019,"6","40E4","Rock cook","pre-derogation","*"
2019,"6","42E3","Ballan","pre-derogation","*"
2019,"6","42E3","Corkwing","pre-derogation","*"
2019,"6","42E3","Cuckoo","pre-derogation","*"
2019,"6","42E3","Goldsinny","pre-derogation","*"
2019,"6","42E4","Ballan","pre-derogation","0.4607"
2019,"6","42E4","Corkwing","pre-derogation","*"
2019,"6","42E4","Cuckoo","pre-derogation","*"
2019,"6","42E4","Goldsinny","pre-derogation","*"
2019,"6","43E2","Ballan","pre-derogation","*"
2019,"6","43E2","Corkwing","pre-derogation","*"
2019,"6","43E2","Cuckoo","pre-derogation","*"
2019,"6","43E2","Goldsinny","pre-derogation","*"
2019,"6","43E2","Rock cook","pre-derogation","*"
2019,"6","43E3","Ballan","pre-derogation","1.4586"
2019,"6","43E3","Corkwing","pre-derogation","*"
2019,"6","43E3","Cuckoo","pre-derogation","*"
2019,"6","43E3","Goldsinny","pre-derogation","0.16832"
2019,"6","43E3","Rock cook","pre-derogation","*"
2019,"6","43E4","Ballan","pre-derogation","*"
2019,"6","44E2","Ballan","pre-derogation","0.12452"
2019,"6","44E2","Corkwing","pre-derogation","*"
2019,"6","44E2","Cuckoo","pre-derogation","*"
2019,"6","44E2","Goldsinny","pre-derogation","*"
2019,"6","44E2","Rock cook","pre-derogation","*"
2019,"6","44E3","Ballan","pre-derogation","0.0525"
2019,"6","44E3","Corkwing","pre-derogation","*"
2019,"6","44E3","Cuckoo","pre-derogation","*"
2019,"6","44E3","Goldsinny","pre-derogation","0.0848"
2019,"6","44E3","Rock cook","pre-derogation","*"
2019,"6","44E4","Ballan","pre-derogation","*"
2019,"6","45E4","Ballan","pre-derogation","*"
2019,"6","45E4","Corkwing","pre-derogation","*"
2019,"6","45E4","Cuckoo","pre-derogation","*"
2019,"6","45E4","Goldsinny","pre-derogation","*"
2019,"6","46E6","Ballan","pre-derogation","*"
2019,"6","47E6","Ballan","pre-derogation","0.26"
2019,"6","47E7","Ballan","pre-derogation","0.11162"
2019,"7","40E4","Ballan","pre-derogation","*"
2019,"7","40E4","Corkwing","pre-derogation","*"
2019,"7","40E4","Cuckoo","pre-derogation","*"
2019,"7","40E4","Goldsinny","pre-derogation","*"
2019,"7","40E4","Rock cook","pre-derogation","*"
2019,"7","41E3","Ballan","pre-derogation","*"
2019,"7","41E3","Corkwing","pre-derogation","*"
2019,"7","41E3","Cuckoo","pre-derogation","*"
2019,"7","41E3","Goldsinny","pre-derogation","*"
2019,"7","41E3","Rock cook","pre-derogation","*"
2019,"7","41E4","Ballan","pre-derogation","*"
2019,"7","41E4","Corkwing","pre-derogation","*"
2019,"7","41E4","Cuckoo","pre-derogation","*"
2019,"7","41E4","Goldsinny","pre-derogation","*"
2019,"7","42E3","Ballan","pre-derogation","*"
2019,"7","42E3","Corkwing","pre-derogation","*"
2019,"7","42E3","Cuckoo","pre-derogation","*"
2019,"7","42E3","Goldsinny","pre-derogation","*"
2019,"7","42E4","Ballan","pre-derogation","*"
2019,"7","42E4","Corkwing","pre-derogation","*"
2019,"7","42E4","Cuckoo","pre-derogation","*"
2019,"7","42E4","Goldsinny","pre-derogation","*"
2019,"7","42E4","Rock cook","pre-derogation","*"
2019,"7","43E2","Ballan","pre-derogation","*"
2019,"7","43E2","Corkwing","pre-derogation","*"
2019,"7","43E2","Cuckoo","pre-derogation","*"
2019,"7","43E2","Goldsinny","pre-derogation","*"
2019,"7","43E2","Rock cook","pre-derogation","*"
2019,"7","43E3","Ballan","pre-derogation","2.72994"
2019,"7","43E3","Corkwing","pre-derogation","*"
2019,"7","43E3","Cuckoo","pre-derogation","0.3026"
2019,"7","43E3","Goldsinny","pre-derogation","0.3335"
2019,"7","43E3","Rock cook","pre-derogation","*"
2019,"7","43E4","Ballan","pre-derogation","0.151"
2019,"7","44E2","Ballan","pre-derogation","0.16261"
2019,"7","44E2","Corkwing","pre-derogation","*"
2019,"7","44E2","Cuckoo","pre-derogation","*"
2019,"7","44E2","Goldsinny","pre-derogation","0.047017"
2019,"7","44E2","Rock cook","pre-derogation","0.00789"
2019,"7","44E3","Ballan","pre-derogation","0.1052"
2019,"7","44E3","Corkwing","pre-derogation","*"
2019,"7","44E3","Cuckoo","pre-derogation","*"
2019,"7","44E3","Goldsinny","pre-derogation","0.1529"
2019,"7","44E3","Rock cook","pre-derogation","*"
2019,"7","44E4","Ballan","pre-derogation","0.3218"
2019,"7","44E4","Cuckoo","pre-derogation","*"
2019,"7","44E6","Ballan","pre-derogation","*"
2019,"7","44E6","Corkwing","pre-derogation","*"
2019,"7","44E6","Goldsinny","pre-derogation","*"
2019,"7","45E3","Ballan","pre-derogation","*"
2019,"7","45E3","Goldsinny","pre-derogation","*"
2019,"7","45E3","Rock cook","pre-derogation","*"
2019,"7","45E4","Ballan","pre-derogation","*"
2019,"7","45E4","Corkwing","pre-derogation","*"
2019,"7","45E4","Cuckoo","pre-derogation","*"
2019,"7","45E4","Goldsinny","pre-derogation","*"
2019,"7","46E6","Ballan","pre-derogation","0.45082"
2019,"7","47E6","Ballan","pre-derogation","0.64392"
2019,"7","47E7","Ballan","pre-derogation","0.5064"
2019,"8","40E4","Ballan","pre-derogation","*"
2019,"8","40E4","Goldsinny","pre-derogation","*"
2019,"8","41E4","Ballan","pre-derogation","*"
2019,"8","41E4","Corkwing","pre-derogation","*"
2019,"8","41E4","Cuckoo","pre-derogation","*"
2019,"8","41E4","Goldsinny","pre-derogation","*"
2019,"8","41E4","Rock cook","pre-derogation","*"
2019,"8","42E2","Ballan","pre-derogation","*"
2019,"8","42E2","Corkwing","pre-derogation","*"
2019,"8","42E2","Cuckoo","pre-derogation","*"
2019,"8","42E2","Goldsinny","pre-derogation","*"
2019,"8","42E3","Ballan","pre-derogation","*"
2019,"8","42E3","Corkwing","pre-derogation","*"
2019,"8","42E3","Cuckoo","pre-derogation","*"
2019,"8","42E3","Goldsinny","pre-derogation","*"
2019,"8","42E4","Ballan","pre-derogation","1.89455"
2019,"8","42E4","Corkwing","pre-derogation","0.47225"
2019,"8","42E4","Cuckoo","pre-derogation","0.29155"
2019,"8","42E4","Goldsinny","pre-derogation","0.3523"
2019,"8","42E4","Rock cook","pre-derogation","*"
2019,"8","43E2","Ballan","pre-derogation","*"
2019,"8","43E2","Corkwing","pre-derogation","*"
2019,"8","43E2","Cuckoo","pre-derogation","*"
2019,"8","43E2","Goldsinny","pre-derogation","*"
2019,"8","43E2","Rock cook","pre-derogation","*"
2019,"8","43E3","Ballan","pre-derogation","1.12482"
2019,"8","43E3","Corkwing","pre-derogation","*"
2019,"8","43E3","Cuckoo","pre-derogation","0.0919"
2019,"8","43E3","Goldsinny","pre-derogation","0.30592"
2019,"8","43E3","Rock cook","pre-derogation","*"
2019,"8","43E5","Ballan","pre-derogation","*"
2019,"8","43E5","Corkwing","pre-derogation","*"
2019,"8","43E5","Cuckoo","pre-derogation","*"
2019,"8","43E5","Goldsinny","pre-derogation","*"
2019,"8","43E5","Rock cook","pre-derogation","*"
2019,"8","44E2","Ballan","pre-derogation","0.024695"
2019,"8","44E2","Corkwing","pre-derogation","*"
2019,"8","44E2","Cuckoo","pre-derogation","*"
2019,"8","44E2","Goldsinny","pre-derogation","0.157865"
2019,"8","44E2","Rock cook","pre-derogation","*"
2019,"8","44E3","Ballan","pre-derogation","0.09926"
2019,"8","44E3","Corkwing","pre-derogation","*"
2019,"8","44E3","Cuckoo","pre-derogation","0.01539"
2019,"8","44E3","Goldsinny","pre-derogation","0.18812"
2019,"8","44E3","Rock cook","pre-derogation","*"
2019,"8","44E4","Ballan","pre-derogation","*"
2019,"8","44E4","Cuckoo","pre-derogation","*"
2019,"8","44E5","Ballan","pre-derogation","*"
2019,"8","44E6","Ballan","pre-derogation","*"
2019,"8","44E6","Corkwing","pre-derogation","*"
2019,"8","44E6","Goldsinny","pre-derogation","*"
2019,"8","45E3","Ballan","pre-derogation","*"
2019,"8","45E3","Goldsinny","pre-derogation","*"
2019,"8","45E3","Rock cook","pre-derogation","*"
2019,"8","45E4","Ballan","pre-derogation","*"
2019,"8","45E4","Corkwing","pre-derogation","*"
2019,"8","45E4","Cuckoo","pre-derogation","*"
2019,"8","45E4","Goldsinny","pre-derogation","*"
2019,"8","46E6","Ballan","pre-derogation","0.69518"
2019,"8","46E6","Wrasse","pre-derogation","*"
2019,"8","47E6","Ballan","pre-derogation","0.93112"
2019,"8","47E7","Ballan","pre-derogation","0.48962"
2019,"9","40E4","Ballan","pre-derogation","*"
2019,"9","40E4","Corkwing","pre-derogation","*"
2019,"9","40E4","Cuckoo","pre-derogation","*"
2019,"9","40E4","Goldsinny","pre-derogation","*"
2019,"9","40E4","Rock cook","pre-derogation","*"
2019,"9","41E2","Ballan","pre-derogation","*"
2019,"9","41E4","Ballan","pre-derogation","*"
2019,"9","41E4","Corkwing","pre-derogation","*"
2019,"9","41E4","Cuckoo","pre-derogation","*"
2019,"9","41E4","Goldsinny","pre-derogation","*"
2019,"9","41E4","Rock cook","pre-derogation","*"
2019,"9","42E2","Ballan","pre-derogation","*"
2019,"9","42E2","Corkwing","pre-derogation","*"
2019,"9","42E2","Cuckoo","pre-derogation","*"
2019,"9","42E2","Goldsinny","pre-derogation","*"
2019,"9","42E3","Ballan","pre-derogation","*"
2019,"9","42E3","Corkwing","pre-derogation","*"
2019,"9","42E3","Cuckoo","pre-derogation","*"
2019,"9","42E3","Goldsinny","pre-derogation","*"
2019,"9","42E4","Ballan","pre-derogation","3.0491"
2019,"9","42E4","Corkwing","pre-derogation","1.2684"
2019,"9","42E4","Cuckoo","pre-derogation","0.4464"
2019,"9","42E4","Goldsinny","pre-derogation","0.4552"
2019,"9","42E4","Rock cook","pre-derogation","*"
2019,"9","43E2","Ballan","pre-derogation","*"
2019,"9","43E2","Corkwing","pre-derogation","*"
2019,"9","43E2","Cuckoo","pre-derogation","*"
2019,"9","43E2","Goldsinny","pre-derogation","*"
2019,"9","43E2","Rock cook","pre-derogation","*"
2019,"9","43E3","Ballan","pre-derogation","0.60222"
2019,"9","43E3","Corkwing","pre-derogation","*"
2019,"9","43E3","Cuckoo","pre-derogation","*"
2019,"9","43E3","Goldsinny","pre-derogation","0.21836"
2019,"9","43E3","Rock cook","pre-derogation","*"
2019,"9","43E4","Ballan","pre-derogation","*"
2019,"9","43E5","Ballan","pre-derogation","*"
2019,"9","43E5","Corkwing","pre-derogation","*"
2019,"9","43E5","Cuckoo","pre-derogation","*"
2019,"9","43E5","Goldsinny","pre-derogation","*"
2019,"9","44E2","Ballan","pre-derogation","0.528234"
2019,"9","44E2","Corkwing","pre-derogation","*"
2019,"9","44E2","Cuckoo","pre-derogation","*"
2019,"9","44E2","Goldsinny","pre-derogation","0.217273"
2019,"9","44E3","Ballan","pre-derogation","*"
2019,"9","44E3","Corkwing","pre-derogation","*"
2019,"9","44E3","Goldsinny","pre-derogation","*"
2019,"9","44E3","Rock cook","pre-derogation","*"
2019,"9","44E4","Ballan","pre-derogation","*"
2019,"9","44E4","Cuckoo","pre-derogation","*"
2019,"9","44E5","Ballan","pre-derogation","*"
2019,"9","44E6","Ballan","pre-derogation","*"
2019,"9","44E6","Corkwing","pre-derogation","*"
2019,"9","44E6","Goldsinny","pre-derogation","*"
2019,"9","45E4","Ballan","pre-derogation","*"
2019,"9","45E4","Corkwing","pre-derogation","*"
2019,"9","45E4","Cuckoo","pre-derogation","*"
2019,"9","45E4","Goldsinny","pre-derogation","*"
2019,"9","46E6","Ballan","pre-derogation","0.3448"
2019,"9","46E6","Wrasse","pre-derogation","*"
2019,"9","47E6","Ballan","pre-derogation","0.77832"
2019,"9","47E7","Ballan","pre-derogation","0.47428"
2019,"10","41E4","Ballan","pre-derogation","*"
2019,"10","41E4","Corkwing","pre-derogation","*"
2019,"10","41E4","Cuckoo","pre-derogation","*"
2019,"10","41E4","Goldsinny","pre-derogation","*"
2019,"10","41E4","Rock cook","pre-derogation","*"
2019,"10","42E2","Ballan","pre-derogation","*"
2019,"10","42E2","Corkwing","pre-derogation","*"
2019,"10","42E2","Cuckoo","pre-derogation","*"
2019,"10","42E2","Goldsinny","pre-derogation","*"
2019,"10","42E3","Ballan","pre-derogation","*"
2019,"10","42E3","Corkwing","pre-derogation","*"
2019,"10","42E3","Cuckoo","pre-derogation","*"
2019,"10","42E3","Goldsinny","pre-derogation","*"
2019,"10","42E4","Ballan","pre-derogation","1.5696"
2019,"10","42E4","Corkwing","pre-derogation","0.6082"
2019,"10","42E4","Cuckoo","pre-derogation","0.1749"
2019,"10","42E4","Goldsinny","pre-derogation","0.2032"
2019,"10","43E2","Ballan","pre-derogation","*"
2019,"10","43E2","Corkwing","pre-derogation","*"
2019,"10","43E2","Cuckoo","pre-derogation","*"
2019,"10","43E2","Goldsinny","pre-derogation","*"
2019,"10","43E2","Rock cook","pre-derogation","*"
2019,"10","43E3","Ballan","pre-derogation","0.4102"
2019,"10","43E3","Corkwing","pre-derogation","*"
2019,"10","43E3","Cuckoo","pre-derogation","*"
2019,"10","43E3","Goldsinny","pre-derogation","0.11666"
2019,"10","43E3","Rock cook","pre-derogation","*"
2019,"10","43E4","Ballan","pre-derogation","*"
2019,"10","43E5","Ballan","pre-derogation","*"
2019,"10","43E5","Corkwing","pre-derogation","*"
2019,"10","43E5","Cuckoo","pre-derogation","*"
2019,"10","43E5","Goldsinny","pre-derogation","*"
2019,"10","43E5","Rock cook","pre-derogation","*"
2019,"10","44E2","Ballan","pre-derogation","0.112725"
2019,"10","44E2","Corkwing","pre-derogation","*"
2019,"10","44E2","Cuckoo","pre-derogation","*"
2019,"10","44E2","Goldsinny","pre-derogation","0.114213"
2019,"10","44E3","Ballan","pre-derogation","*"
2019,"10","44E3","Corkwing","pre-derogation","*"
2019,"10","44E3","Cuckoo","pre-derogation","*"
2019,"10","44E3","Goldsinny","pre-derogation","*"
2019,"10","44E3","Rock cook","pre-derogation","*"
2019,"10","44E4","Ballan","pre-derogation","*"
2019,"10","44E5","Ballan","pre-derogation","*"
2019,"10","44E5","Corkwing","pre-derogation","*"
2019,"10","44E5","Cuckoo","pre-derogation","*"
2019,"10","44E5","Goldsinny","pre-derogation","*"
2019,"10","45E3","Ballan","pre-derogation","*"
2019,"10","45E3","Cuckoo","pre-derogation","*"
2019,"10","45E3","Goldsinny","pre-derogation","*"
2019,"10","45E3","Rock cook","pre-derogation","*"
2019,"10","45E4","Ballan","pre-derogation","*"
2019,"10","45E4","Corkwing","pre-derogation","*"
2019,"10","45E4","Goldsinny","pre-derogation","*"
2019,"10","46E6","Ballan","pre-derogation","0.35576"
2019,"10","47E6","Ballan","pre-derogation","0.46156"
2019,"10","47E7","Ballan","pre-derogation","0.35456"
2019,"11","42E4","Ballan","pre-derogation","*"
2019,"11","42E4","Corkwing","pre-derogation","*"
2019,"11","42E4","Cuckoo","pre-derogation","*"
2019,"11","42E4","Goldsinny","pre-derogation","*"
2019,"11","43E2","Ballan","pre-derogation","*"
2019,"11","43E2","Goldsinny","pre-derogation","*"
2019,"11","43E2","Rock cook","pre-derogation","*"
2019,"11","43E3","Ballan","pre-derogation","0.07608"
2019,"11","43E3","Corkwing","pre-derogation","*"
2019,"11","43E3","Cuckoo","pre-derogation","*"
2019,"11","43E3","Goldsinny","pre-derogation","*"
2019,"11","43E3","Rock cook","pre-derogation","*"
2019,"11","43E4","Ballan","pre-derogation","*"
2019,"11","43E5","Ballan","pre-derogation","*"
2019,"11","43E5","Corkwing","pre-derogation","*"
2019,"11","43E5","Cuckoo","pre-derogation","*"
2019,"11","43E5","Goldsinny","pre-derogation","*"
2019,"11","43E5","Rock cook","pre-derogation","*"
2019,"11","44E2","Ballan","pre-derogation","*"
2019,"11","44E2","Corkwing","pre-derogation","*"
2019,"11","44E2","Cuckoo","pre-derogation","*"
2019,"11","44E2","Goldsinny","pre-derogation","0.106351"
2019,"11","45E3","Ballan","pre-derogation","*"
2019,"11","45E3","Cuckoo","pre-derogation","*"
2019,"11","45E3","Goldsinny","pre-derogation","*"
2019,"11","45E4","Ballan","pre-derogation","*"
2019,"11","46E6","Ballan","pre-derogation","*"
2019,"11","47E6","Ballan","pre-derogation","0.06996"
2019,"11","47E7","Ballan","pre-derogation","*"
2020,"4","44E4","Ballan","pre-derogation","*"
2020,"4","46E6","Ballan","pre-derogation","*"
2020,"5","41E4","Ballan","pre-derogation","*"
2020,"5","41E4","Corkwing","pre-derogation","*"
2020,"5","41E4","Cuckoo","pre-derogation","*"
2020,"5","41E4","Goldsinny","pre-derogation","*"
2020,"5","42E4","Ballan","pre-derogation","*"
2020,"5","42E4","Corkwing","pre-derogation","*"
2020,"5","42E4","Cuckoo","pre-derogation","*"
2020,"5","42E4","Goldsinny","pre-derogation","*"
2020,"5","42E4","Rock cook","pre-derogation","*"
2020,"5","43E2","Ballan","pre-derogation","*"
2020,"5","43E3","Ballan","pre-derogation","0.32334"
2020,"5","43E3","Corkwing","pre-derogation","*"
2020,"5","43E3","Goldsinny","pre-derogation","*"
2020,"5","43E3","Rock cook","pre-derogation","*"
2020,"5","43E4","Ballan","pre-derogation","*"
2020,"5","44E2","Ballan","pre-derogation","*"
2020,"5","44E2","Corkwing","pre-derogation","*"
2020,"5","44E2","Goldsinny","pre-derogation","*"
2020,"5","44E2","Rock cook","pre-derogation","*"
2020,"5","44E3","Ballan","pre-derogation","*"
2020,"5","44E3","Corkwing","pre-derogation","*"
2020,"5","44E3","Cuckoo","pre-derogation","*"
2020,"5","44E3","Goldsinny","pre-derogation","*"
2020,"5","44E3","Rock cook","pre-derogation","*"
2020,"5","44E4","Ballan","pre-derogation","*"
2020,"5","44E4","Corkwing","pre-derogation","*"
2020,"5","44E4","Cuckoo","pre-derogation","*"
2020,"5","44E4","Goldsinny","pre-derogation","*"
2020,"5","44E4","Rock cook","pre-derogation","*"
2020,"5","45E4","Ballan","pre-derogation","*"
2020,"5","46E6","Ballan","pre-derogation","*"
2020,"5","47E6","Ballan","pre-derogation","0.02936"
2020,"5","47E7","Ballan","pre-derogation","0.0252"
2020,"6","40E4","Ballan","pre-derogation","*"
2020,"6","40E4","Corkwing","pre-derogation","*"
2020,"6","40E4","Cuckoo","pre-derogation","*"
2020,"6","40E4","Goldsinny","pre-derogation","*"
2020,"6","40E4","Rock cook","pre-derogation","*"
2020,"6","41E4","Ballan","pre-derogation","0.55694"
2020,"6","41E4","Corkwing","pre-derogation","0.07166"
2020,"6","41E4","Cuckoo","pre-derogation","*"
2020,"6","41E4","Goldsinny","pre-derogation","0.05113"
2020,"6","41E4","Rock cook","pre-derogation","*"
2020,"6","42E4","Ballan","pre-derogation","0.5331"
2020,"6","42E4","Corkwing","pre-derogation","0.2458"
2020,"6","42E4","Cuckoo","pre-derogation","0.0039"
2020,"6","42E4","Goldsinny","pre-derogation","0.0524"
2020,"6","42E4","Rock cook","pre-derogation","*"
2020,"6","43E2","Ballan","pre-derogation","*"
2020,"6","43E2","Corkwing","pre-derogation","*"
2020,"6","43E3","Ballan","pre-derogation","2.52928"
2020,"6","43E3","Corkwing","pre-derogation","*"
2020,"6","43E3","Cuckoo","pre-derogation","*"
2020,"6","43E3","Goldsinny","pre-derogation","*"
2020,"6","43E3","Rock cook","pre-derogation","*"
2020,"6","43E4","Ballan","pre-derogation","0.2324"
2020,"6","43E4","Corkwing","pre-derogation","*"
2020,"6","43E4","Cuckoo","pre-derogation","*"
2020,"6","43E4","Goldsinny","pre-derogation","*"
2020,"6","44E2","Ballan","pre-derogation","0.18988"
2020,"6","44E2","Corkwing","pre-derogation","*"
2020,"6","44E2","Cuckoo","pre-derogation","*"
2020,"6","44E2","Goldsinny","pre-derogation","0.04893"
2020,"6","44E2","Rock cook","pre-derogation","*"
2020,"6","44E3","Ballan","pre-derogation","0.07696"
2020,"6","44E3","Corkwing","pre-derogation","*"
2020,"6","44E3","Cuckoo","pre-derogation","*"
2020,"6","44E3","Goldsinny","pre-derogation","0.11369"
2020,"6","44E3","Rock cook","pre-derogation","*"
2020,"6","44E4","Ballan","pre-derogation","0.17056"
2020,"6","44E4","Corkwing","pre-derogation","0.01285"
2020,"6","44E4","Cuckoo","pre-derogation","*"
2020,"6","44E4","Goldsinny","pre-derogation","0.0279"
2020,"6","44E4","Rock cook","pre-derogation","*"
2020,"6","44E5","Ballan","pre-derogation","*"
2020,"6","44E5","Corkwing","pre-derogation","*"
2020,"6","44E5","Cuckoo","pre-derogation","*"
2020,"6","44E5","Goldsinny","pre-derogation","*"
2020,"6","45E4","Ballan","pre-derogation","*"
2020,"6","45E5","Ballan","pre-derogation","*"
2020,"6","46E6","Ballan","pre-derogation","0.48785"
2020,"6","47E6","Ballan","pre-derogation","0.3828"
2020,"6","47E7","Ballan","pre-derogation","0.23328"
2020,"6","49E8","Ballan","pre-derogation","*"
2020,"7","40E3","Ballan","pre-derogation","*"
2020,"7","40E3","Corkwing","pre-derogation","*"
2020,"7","40E3","Cuckoo","pre-derogation","*"
2020,"7","40E3","Goldsinny","pre-derogation","*"
2020,"7","40E3","Rock cook","pre-derogation","*"
2020,"7","40E4","Ballan","pre-derogation","0.06853"
2020,"7","40E4","Corkwing","pre-derogation","0.03675"
2020,"7","40E4","Cuckoo","pre-derogation","0.01448"
2020,"7","40E4","Goldsinny","pre-derogation","0.06139"
2020,"7","40E4","Rock cook","pre-derogation","*"
2020,"7","41E4","Ballan","pre-derogation","*"
2020,"7","41E4","Corkwing","pre-derogation","*"
2020,"7","41E4","Cuckoo","pre-derogation","*"
2020,"7","41E4","Goldsinny","pre-derogation","*"
2020,"7","41E4","Rock cook","pre-derogation","*"
2020,"7","42E2","Ballan","pre-derogation","*"
2020,"7","42E2","Corkwing","pre-derogation","*"
2020,"7","42E2","Cuckoo","pre-derogation","*"
2020,"7","42E2","Goldsinny","pre-derogation","*"
2020,"7","42E3","Ballan","pre-derogation","*"
2020,"7","42E3","Corkwing","pre-derogation","*"
2020,"7","42E3","Cuckoo","pre-derogation","*"
2020,"7","42E3","Goldsinny","pre-derogation","*"
2020,"7","42E4","Ballan","pre-derogation","0.3174"
2020,"7","42E4","Corkwing","pre-derogation","0.1523"
2020,"7","42E4","Cuckoo","pre-derogation","*"
2020,"7","42E4","Goldsinny","pre-derogation","0.0259"
2020,"7","42E4","Rock cook","pre-derogation","*"
2020,"7","43E2","Ballan","pre-derogation","*"
2020,"7","43E2","Corkwing","pre-derogation","*"
2020,"7","43E3","Ballan","pre-derogation","1.54748"
2020,"7","43E3","Corkwing","pre-derogation","*"
2020,"7","43E3","Cuckoo","pre-derogation","*"
2020,"7","43E3","Goldsinny","pre-derogation","0.20923"
2020,"7","43E3","Rock cook","pre-derogation","*"
2020,"7","43E4","Ballan","pre-derogation","*"
2020,"7","43E4","Corkwing","pre-derogation","*"
2020,"7","43E4","Goldsinny","pre-derogation","*"
2020,"7","44E2","Ballan","pre-derogation","*"
2020,"7","44E2","Corkwing","pre-derogation","*"
2020,"7","44E2","Cuckoo","pre-derogation","*"
2020,"7","44E2","Goldsinny","pre-derogation","*"
2020,"7","44E2","Rock cook","pre-derogation","*"
2020,"7","44E3","Ballan","pre-derogation","0.38372"
2020,"7","44E3","Corkwing","pre-derogation","0.031"
2020,"7","44E3","Cuckoo","pre-derogation","0.01968"
2020,"7","44E3","Goldsinny","pre-derogation","0.15582"
2020,"7","44E3","Rock cook","pre-derogation","*"
2020,"7","44E4","Ballan","pre-derogation","0.35484"
2020,"7","44E4","Corkwing","pre-derogation","0.02045"
2020,"7","44E4","Cuckoo","pre-derogation","*"
2020,"7","44E4","Goldsinny","pre-derogation","*"
2020,"7","44E4","Rock cook","pre-derogation","*"
2020,"7","44E5","Ballan","pre-derogation","*"
2020,"7","44E5","Corkwing","pre-derogation","*"
2020,"7","44E5","Cuckoo","pre-derogation","*"
2020,"7","44E5","Goldsinny","pre-derogation","*"
2020,"7","44E6","Ballan","pre-derogation","*"
2020,"7","44E6","Corkwing","pre-derogation","*"
2020,"7","44E6","Cuckoo","pre-derogation","*"
2020,"7","44E6","Goldsinny","pre-derogation","*"
2020,"7","44E6","Rock cook","pre-derogation","*"
2020,"7","44E7","Ballan","pre-derogation","*"
2020,"7","45E3","Ballan","pre-derogation","*"
2020,"7","45E4","Ballan","pre-derogation","*"
2020,"7","46E6","Ballan","pre-derogation","0.85056"
2020,"7","46E7","Ballan","pre-derogation","*"
2020,"7","47E6","Ballan","pre-derogation","0.7186"
2020,"7","47E7","Ballan","pre-derogation","0.49406"
2020,"8","40E3","Ballan","pre-derogation","*"
2020,"8","40E3","Corkwing","pre-derogation","*"
2020,"8","40E3","Cuckoo","pre-derogation","*"
2020,"8","40E3","Goldsinny","pre-derogation","*"
2020,"8","40E3","Rock cook","pre-derogation","*"
2020,"8","40E4","Ballan","pre-derogation","0.31448"
2020,"8","40E4","Corkwing","pre-derogation","0.35842"
2020,"8","40E4","Cuckoo","pre-derogation","0.10823"
2020,"8","40E4","Goldsinny","pre-derogation","0.23266"
2020,"8","40E4","Rock cook","pre-derogation","*"
2020,"8","41E3","Ballan","pre-derogation","*"
2020,"8","41E3","Corkwing","pre-derogation","*"
2020,"8","41E3","Cuckoo","pre-derogation","*"
2020,"8","41E3","Goldsinny","pre-derogation","*"
2020,"8","41E3","Rock cook","pre-derogation","*"
2020,"8","41E4","Ballan","pre-derogation","0.7132"
2020,"8","41E4","Corkwing","pre-derogation","0.1958"
2020,"8","41E4","Cuckoo","pre-derogation","*"
2020,"8","41E4","Goldsinny","pre-derogation","0.0856"
2020,"8","41E4","Rock cook","pre-derogation","*"
2020,"8","42E2","Ballan","pre-derogation","*"
2020,"8","42E2","Corkwing","pre-derogation","*"
2020,"8","42E2","Cuckoo","pre-derogation","*"
2020,"8","42E2","Goldsinny","pre-derogation","*"
2020,"8","42E3","Ballan","pre-derogation","*"
2020,"8","42E3","Corkwing","pre-derogation","*"
2020,"8","42E3","Cuckoo","pre-derogation","*"
2020,"8","42E3","Goldsinny","pre-derogation","*"
2020,"8","42E4","Ballan","pre-derogation","1.0091"
2020,"8","42E4","Corkwing","pre-derogation","0.4466"
2020,"8","42E4","Cuckoo","pre-derogation","0.0108"
2020,"8","42E4","Goldsinny","pre-derogation","0.103"
2020,"8","42E4","Rock cook","pre-derogation","*"
2020,"8","43E2","Ballan","pre-derogation","*"
2020,"8","43E2","Corkwing","pre-derogation","*"
2020,"8","43E3","Ballan","pre-derogation","0.98198"
2020,"8","43E3","Corkwing","pre-derogation","*"
2020,"8","43E3","Cuckoo","pre-derogation","*"
2020,"8","43E3","Goldsinny","pre-derogation","0.23397"
2020,"8","43E3","Rock cook","pre-derogation","*"
2020,"8","44E2","Ballan","pre-derogation","*"
2020,"8","44E2","Corkwing","pre-derogation","0.0671"
2020,"8","44E2","Cuckoo","pre-derogation","*"
2020,"8","44E2","Goldsinny","pre-derogation","*"
2020,"8","44E2","Rock cook","pre-derogation","*"
2020,"8","44E3","Ballan","pre-derogation","0.28418"
2020,"8","44E3","Corkwing","pre-derogation","0.03605"
2020,"8","44E3","Goldsinny","pre-derogation","0.11303"
2020,"8","44E3","Rock cook","pre-derogation","*"
2020,"8","44E4","Ballan","pre-derogation","0.561"
2020,"8","44E4","Corkwing","pre-derogation","*"
2020,"8","44E4","Cuckoo","pre-derogation","*"
2020,"8","44E4","Goldsinny","pre-derogation","*"
2020,"8","44E4","Rock cook","pre-derogation","*"
2020,"8","44E5","Ballan","pre-derogation","*"
2020,"8","44E5","Corkwing","pre-derogation","*"
2020,"8","44E5","Cuckoo","pre-derogation","*"
2020,"8","44E5","Goldsinny","pre-derogation","*"
2020,"8","44E6","Ballan","pre-derogation","*"
2020,"8","44E6","Corkwing","pre-derogation","*"
2020,"8","44E6","Cuckoo","pre-derogation","*"
2020,"8","44E6","Goldsinny","pre-derogation","*"
2020,"8","45E3","Ballan","pre-derogation","*"
2020,"8","46E6","Ballan","pre-derogation","1.367"
2020,"8","46E6","Wrasse","pre-derogation","*"
2020,"8","47E3","Ballan","pre-derogation","*"
2020,"8","47E6","Ballan","pre-derogation","0.9694"
2020,"8","47E6","Corkwing","pre-derogation","*"
2020,"8","47E7","Ballan","pre-derogation","0.74952"
2020,"9","40E3","Ballan","pre-derogation","*"
2020,"9","40E3","Corkwing","pre-derogation","*"
2020,"9","40E3","Cuckoo","pre-derogation","*"
2020,"9","40E3","Goldsinny","pre-derogation","*"
2020,"9","40E3","Rock cook","pre-derogation","*"
2020,"9","40E4","Ballan","pre-derogation","*"
2020,"9","40E4","Corkwing","pre-derogation","*"
2020,"9","40E4","Cuckoo","pre-derogation","*"
2020,"9","40E4","Goldsinny","pre-derogation","*"
2020,"9","40E4","Rock cook","pre-derogation","*"
2020,"9","41E4","Ballan","pre-derogation","*"
2020,"9","41E4","Corkwing","pre-derogation","*"
2020,"9","41E4","Cuckoo","pre-derogation","*"
2020,"9","41E4","Goldsinny","pre-derogation","*"
2020,"9","41E4","Rock cook","pre-derogation","*"
2020,"9","42E2","Ballan","pre-derogation","*"
2020,"9","42E2","Corkwing","pre-derogation","*"
2020,"9","42E2","Cuckoo","pre-derogation","*"
2020,"9","42E2","Goldsinny","pre-derogation","*"
2020,"9","42E3","Ballan","pre-derogation","*"
2020,"9","42E3","Corkwing","pre-derogation","*"
2020,"9","42E3","Cuckoo","pre-derogation","*"
2020,"9","42E3","Goldsinny","pre-derogation","*"
2020,"9","42E4","Ballan","pre-derogation","0.6803"
2020,"9","42E4","Corkwing","pre-derogation","0.5004"
2020,"9","42E4","Cuckoo","pre-derogation","0.0101"
2020,"9","42E4","Goldsinny","pre-derogation","0.0888"
2020,"9","42E4","Rock cook","pre-derogation","*"
2020,"9","43E2","Ballan","pre-derogation","*"
2020,"9","43E2","Corkwing","pre-derogation","*"
2020,"9","43E2","Goldsinny","pre-derogation","*"
2020,"9","43E3","Ballan","pre-derogation","0.64036"
2020,"9","43E3","Corkwing","pre-derogation","*"
2020,"9","43E3","Goldsinny","pre-derogation","0.17631"
2020,"9","43E3","Rock cook","pre-derogation","*"
2020,"9","43E4","Ballan","pre-derogation","*"
2020,"9","44E2","Ballan","pre-derogation","*"
2020,"9","44E2","Corkwing","pre-derogation","0.246"
2020,"9","44E2","Cuckoo","pre-derogation","*"
2020,"9","44E2","Goldsinny","pre-derogation","*"
2020,"9","44E2","Rock cook","pre-derogation","*"
2020,"9","44E3","Ballan","pre-derogation","0.24482"
2020,"9","44E3","Corkwing","pre-derogation","*"
2020,"9","44E4","Ballan","pre-derogation","*"
2020,"9","44E5","Ballan","pre-derogation","*"
2020,"9","44E5","Corkwing","pre-derogation","*"
2020,"9","44E5","Cuckoo","pre-derogation","*"
2020,"9","44E5","Goldsinny","pre-derogation","*"
2020,"9","45E3","Ballan","pre-derogation","*"
2020,"9","45E3","Cuckoo","pre-derogation","*"
2020,"9","45E4","Ballan","pre-derogation","*"
2020,"9","45E4","Corkwing","pre-derogation","*"
2020,"9","45E4","Cuckoo","pre-derogation","*"
2020,"9","45E4","Goldsinny","pre-derogation","*"
2020,"9","45E4","Rock cook","pre-derogation","*"
2020,"9","46E6","Ballan","pre-derogation","0.6688"
2020,"9","47E6","Ballan","pre-derogation","0.91544"
2020,"9","47E6","Corkwing","pre-derogation","*"
2020,"9","47E7","Ballan","pre-derogation","1.07601"
2020,"9","48E8","Goldsinny","pre-derogation","*"
2020,"10","40E4","Ballan","pre-derogation","*"
2020,"10","40E4","Corkwing","pre-derogation","*"
2020,"10","40E4","Cuckoo","pre-derogation","*"
2020,"10","40E4","Goldsinny","pre-derogation","*"
2020,"10","40E4","Rock cook","pre-derogation","*"
2020,"10","41E4","Ballan","pre-derogation","*"
2020,"10","41E4","Corkwing","pre-derogation","*"
2020,"10","41E4","Cuckoo","pre-derogation","*"
2020,"10","41E4","Goldsinny","pre-derogation","*"
2020,"10","41E4","Rock cook","pre-derogation","*"
2020,"10","42E2","Ballan","pre-derogation","*"
2020,"10","42E2","Corkwing","pre-derogation","*"
2020,"10","42E2","Cuckoo","pre-derogation","*"
2020,"10","42E2","Goldsinny","pre-derogation","*"
2020,"10","42E3","Ballan","pre-derogation","*"
2020,"10","42E3","Corkwing","pre-derogation","*"
2020,"10","42E3","Cuckoo","pre-derogation","*"
2020,"10","42E3","Goldsinny","pre-derogation","*"
2020,"10","42E4","Ballan","pre-derogation","0.3432"
2020,"10","42E4","Corkwing","pre-derogation","0.187"
2020,"10","42E4","Cuckoo","pre-derogation","0.0041"
2020,"10","42E4","Goldsinny","pre-derogation","0.0561"
2020,"10","42E4","Rock cook","pre-derogation","*"
2020,"10","43E2","Ballan","pre-derogation","*"
2020,"10","43E3","Ballan","pre-derogation","0.6984"
2020,"10","43E3","Corkwing","pre-derogation","*"
2020,"10","43E3","Goldsinny","pre-derogation","0.11809"
2020,"10","43E3","Rock cook","pre-derogation","*"
2020,"10","43E4","Ballan","pre-derogation","0.3374"
2020,"10","43E4","Corkwing","pre-derogation","*"
2020,"10","43E4","Cuckoo","pre-derogation","*"
2020,"10","43E4","Goldsinny","pre-derogation","*"
2020,"10","43E4","Rock cook","pre-derogation","*"
2020,"10","44E2","Ballan","pre-derogation","*"
2020,"10","44E2","Corkwing","pre-derogation","0.34355"
2020,"10","44E2","Cuckoo","pre-derogation","*"
2020,"10","44E2","Goldsinny","pre-derogation","1.33259"
2020,"10","44E2","Rock cook","pre-derogation","*"
2020,"10","44E3","Ballan","pre-derogation","0.1454"
2020,"10","44E3","Corkwing","pre-derogation","*"
2020,"10","44E3","Cuckoo","pre-derogation","*"
2020,"10","44E3","Goldsinny","pre-derogation","*"
2020,"10","44E3","Rock cook","pre-derogation","*"
2020,"10","44E4","Ballan","pre-derogation","*"
2020,"10","45E3","Ballan","pre-derogation","*"
2020,"10","45E3","Cuckoo","pre-derogation","*"
2020,"10","45E3","Goldsinny","pre-derogation","*"
2020,"10","45E4","Ballan","pre-derogation","*"
2020,"10","46E6","Ballan","pre-derogation","*"
2020,"10","47E6","Ballan","pre-derogation","0.08828"
2020,"10","47E6","Corkwing","pre-derogation","*"
2020,"10","47E7","Ballan","pre-derogation","0.28677"
2020,"11","40E4","Ballan","pre-derogation","*"
2020,"11","40E4","Corkwing","pre-derogation","*"
2020,"11","40E4","Cuckoo","pre-derogation","*"
2020,"11","40E4","Goldsinny","pre-derogation","*"
2020,"11","40E4","Rock cook","pre-derogation","*"
2020,"11","41E4","Ballan","pre-derogation","*"
2020,"11","41E4","Corkwing","pre-derogation","*"
2020,"11","41E4","Cuckoo","pre-derogation","*"
2020,"11","41E4","Goldsinny","pre-derogation","*"
2020,"11","41E4","Rock cook","pre-derogation","*"
2020,"11","42E3","Ballan","pre-derogation","*"
2020,"11","42E3","Corkwing","pre-derogation","*"
2020,"11","42E3","Cuckoo","pre-derogation","*"
2020,"11","42E3","Goldsinny","pre-derogation","*"
2020,"11","42E4","Ballan","pre-derogation","*"
2020,"11","42E4","Corkwing","pre-derogation","*"
2020,"11","42E4","Cuckoo","pre-derogation","*"
2020,"11","42E4","Goldsinny","pre-derogation","*"
2020,"11","42E4","Rock cook","pre-derogation","*"
2020,"11","43E3","Ballan","pre-derogation","0.59246"
2020,"11","43E3","Corkwing","pre-derogation","*"
2020,"11","43E3","Goldsinny","pre-derogation","0.1001"
2020,"11","43E3","Rock cook","pre-derogation","*"
2020,"11","43E4","Ballan","pre-derogation","*"
2020,"11","45E4","Ballan","pre-derogation","*"
2020,"11","46E6","Ballan","pre-derogation","*"
2020,"11","47E7","Ballan","pre-derogation","0.045"
2020,"12","46E6","Ballan","pre-derogation","*"
2021,"5","41E4","Ballan","derogated","*"
2021,"5","41E4","Corkwing","derogated","*"
2021,"5","41E4","Cuckoo","derogated","*"
2021,"5","41E4","Goldsinny","derogated","*"
2021,"5","41E4","Rock cook","derogated","*"
2021,"5","42E3","Ballan","derogated","*"
2021,"5","42E3","Corkwing","derogated","*"
2021,"5","42E3","Cuckoo","derogated","*"
2021,"5","42E3","Goldsinny","derogated","*"
2021,"5","42E4","Ballan","derogated","*"
2021,"5","42E4","Corkwing","derogated","*"
2021,"5","42E4","Cuckoo","derogated","*"
2021,"5","42E4","Goldsinny","derogated","*"
2021,"5","42E4","Rock cook","derogated","*"
2021,"5","43E2","Ballan","derogated","*"
2021,"5","43E3","Ballan","derogated","0.10616"
2021,"5","43E4","Ballan","derogated","*"
2021,"5","44E2","Ballan","derogated","*"
2021,"5","44E2","Corkwing","derogated","*"
2021,"5","44E2","Cuckoo","derogated","*"
2021,"5","44E2","Goldsinny","derogated","*"
2021,"5","44E2","Rock cook","derogated","*"
2021,"5","44E3","Ballan","derogated","*"
2021,"5","44E3","Corkwing","derogated","*"
2021,"5","44E3","Goldsinny","derogated","*"
2021,"5","44E3","Rock cook","derogated","*"
2021,"5","47E7","Ballan","derogated","*"
2021,"6","40E4","Ballan","derogated","*"
2021,"6","40E4","Corkwing","derogated","*"
2021,"6","40E4","Cuckoo","derogated","*"
2021,"6","40E4","Goldsinny","derogated","*"
2021,"6","40E4","Rock cook","derogated","*"
2021,"6","41E3","Ballan","derogated","*"
2021,"6","41E4","Ballan","derogated","*"
2021,"6","41E4","Corkwing","derogated","*"
2021,"6","41E4","Cuckoo","derogated","*"
2021,"6","41E4","Goldsinny","derogated","*"
2021,"6","41E4","Rock cook","derogated","*"
2021,"6","42E3","Ballan","derogated","*"
2021,"6","42E3","Corkwing","derogated","*"
2021,"6","42E3","Cuckoo","derogated","*"
2021,"6","42E3","Goldsinny","derogated","*"
2021,"6","42E4","Ballan","derogated","0.691"
2021,"6","42E4","Corkwing","derogated","0.2758"
2021,"6","42E4","Cuckoo","derogated","*"
2021,"6","42E4","Goldsinny","derogated","0.06285"
2021,"6","42E4","Rock cook","derogated","*"
2021,"6","43E2","Ballan","derogated","*"
2021,"6","43E2","Corkwing","derogated","*"
2021,"6","43E3","Ballan","derogated","0.60098"
2021,"6","43E3","Corkwing","derogated","*"
2021,"6","43E3","Cuckoo","derogated","*"
2021,"6","43E3","Goldsinny","derogated","*"
2021,"6","43E4","Ballan","derogated","*"
2021,"6","43E4","Corkwing","derogated","*"
2021,"6","43E4","Goldsinny","derogated","*"
2021,"6","43E4","Rock cook","derogated","*"
2021,"6","44E2","Ballan","derogated","0.64684"
2021,"6","44E2","Corkwing","derogated","*"
2021,"6","44E2","Cuckoo","derogated","*"
2021,"6","44E2","Goldsinny","derogated","*"
2021,"6","44E2","Rock cook","derogated","*"
2021,"6","44E3","Ballan","derogated","1.58848"
2021,"6","44E3","Corkwing","derogated","*"
2021,"6","44E3","Cuckoo","derogated","*"
2021,"6","44E3","Goldsinny","derogated","*"
2021,"6","44E3","Rock cook","derogated","*"
2021,"6","44E4","Ballan","derogated","*"
2021,"6","44E4","Corkwing","derogated","*"
2021,"6","44E4","Cuckoo","derogated","*"
2021,"6","44E4","Goldsinny","derogated","*"
2021,"6","44E4","Rock cook","derogated","*"
2021,"6","45E3","Ballan","derogated","0.1716"
2021,"6","45E3","Cuckoo","derogated","*"
2021,"6","45E3","Goldsinny","derogated","*"
2021,"6","45E4","Ballan","derogated","*"
2021,"6","45E4","Corkwing","derogated","*"
2021,"6","45E4","Cuckoo","derogated","*"
2021,"6","45E4","Goldsinny","derogated","*"
2021,"6","45E4","Rock cook","derogated","*"
2021,"6","46E6","Ballan","derogated","0.74672"
2021,"6","46E7","Ballan","derogated","*"
2021,"6","47E6","Ballan","derogated","*"
2021,"6","47E7","Ballan","derogated","0.71964"
2021,"7","40E4","Ballan","derogated","0.3661"
2021,"7","40E4","Corkwing","derogated","0.05155"
2021,"7","40E4","Cuckoo","derogated","0.00967"
2021,"7","40E4","Goldsinny","derogated","0.0784"
2021,"7","40E4","Rock cook","derogated","0.04885"
2021,"7","41E4","Ballan","derogated","1.0052"
2021,"7","41E4","Corkwing","derogated","0.1659"
2021,"7","41E4","Cuckoo","derogated","0.01384"
2021,"7","41E4","Goldsinny","derogated","0.60771"
2021,"7","41E4","Rock cook","derogated","*"
2021,"7","42E4","Ballan","derogated","2.33784"
2021,"7","42E4","Corkwing","derogated","0.8222"
2021,"7","42E4","Cuckoo","derogated","0.08342"
2021,"7","42E4","Goldsinny","derogated","0.21729"
2021,"7","42E4","Rock cook","derogated","0.11062"
2021,"7","43E2","Ballan","derogated","0.38272"
2021,"7","43E2","Corkwing","derogated","*"
2021,"7","43E2","Cuckoo","derogated","*"
2021,"7","43E2","Goldsinny","derogated","*"
2021,"7","43E3","Ballan","derogated","0.75674"
2021,"7","43E3","Corkwing","derogated","*"
2021,"7","43E3","Cuckoo","derogated","*"
2021,"7","43E3","Goldsinny","derogated","*"
2021,"7","43E3","Rock cook","derogated","*"
2021,"7","43E4","Ballan","derogated","*"
2021,"7","43E5","Ballan","derogated","*"
2021,"7","44E2","Ballan","derogated","0.72331"
2021,"7","44E2","Corkwing","derogated","*"
2021,"7","44E2","Cuckoo","derogated","0.0528"
2021,"7","44E2","Goldsinny","derogated","0.46465"
2021,"7","44E3","Ballan","derogated","1.7456"
2021,"7","44E3","Corkwing","derogated","*"
2021,"7","44E3","Cuckoo","derogated","*"
2021,"7","44E3","Goldsinny","derogated","*"
2021,"7","44E4","Ballan","derogated","0.18086"
2021,"7","44E4","Corkwing","derogated","*"
2021,"7","44E4","Cuckoo","derogated","*"
2021,"7","44E4","Goldsinny","derogated","*"
2021,"7","44E4","Rock cook","derogated","*"
2021,"7","44E5","Ballan","derogated","*"
2021,"7","44E5","Corkwing","derogated","*"
2021,"7","44E5","Cuckoo","derogated","*"
2021,"7","44E5","Goldsinny","derogated","*"
2021,"7","45E3","Ballan","derogated","*"
2021,"7","45E4","Ballan","derogated","*"
2021,"7","45E4","Corkwing","derogated","*"
2021,"7","45E4","Cuckoo","derogated","*"
2021,"7","46E6","Ballan","derogated","1.50412"
2021,"7","46E6","Wrasse","derogated","*"
2021,"7","47E6","Ballan","derogated","0.29896"
2021,"7","47E7","Ballan","derogated","1.0646"
2021,"8","40E4","Ballan","derogated","*"
2021,"8","40E4","Corkwing","derogated","*"
2021,"8","40E4","Cuckoo","derogated","*"
2021,"8","40E4","Goldsinny","derogated","*"
2021,"8","40E4","Rock cook","derogated","*"
2021,"8","41E4","Ballan","derogated","*"
2021,"8","41E4","Corkwing","derogated","*"
2021,"8","41E4","Cuckoo","derogated","*"
2021,"8","41E4","Goldsinny","derogated","*"
2021,"8","41E4","Rock cook","derogated","*"
2021,"8","41E5","Ballan","derogated","*"
2021,"8","41E5","Corkwing","derogated","*"
2021,"8","41E5","Cuckoo","derogated","*"
2021,"8","41E5","Goldsinny","derogated","*"
2021,"8","41E5","Rock cook","derogated","*"
2021,"8","42E3","Ballan","derogated","*"
2021,"8","42E3","Corkwing","derogated","*"
2021,"8","42E3","Cuckoo","derogated","*"
2021,"8","42E3","Goldsinny","derogated","*"
2021,"8","42E3","Rock cook","derogated","*"
2021,"8","42E4","Ballan","derogated","4.28924"
2021,"8","42E4","Corkwing","derogated","1.24649"
2021,"8","42E4","Cuckoo","derogated","0.33228"
2021,"8","42E4","Goldsinny","derogated","0.45987"
2021,"8","42E4","Rock cook","derogated","0.18038"
2021,"8","43E2","Ballan","derogated","0.4465"
2021,"8","43E2","Corkwing","derogated","*"
2021,"8","43E2","Cuckoo","derogated","*"
2021,"8","43E2","Goldsinny","derogated","*"
2021,"8","43E3","Ballan","derogated","1.01898"
2021,"8","43E3","Corkwing","derogated","*"
2021,"8","43E3","Cuckoo","derogated","*"
2021,"8","43E3","Goldsinny","derogated","*"
2021,"8","43E4","Ballan","derogated","*"
2021,"8","43E5","Ballan","derogated","*"
2021,"8","44E2","Ballan","derogated","0.52942"
2021,"8","44E2","Corkwing","derogated","0.11335"
2021,"8","44E2","Cuckoo","derogated","0.05006"
2021,"8","44E2","Goldsinny","derogated","0.24606"
2021,"8","44E2","Rock cook","derogated","*"
2021,"8","44E3","Ballan","derogated","*"
2021,"8","44E3","Corkwing","derogated","*"
2021,"8","44E3","Goldsinny","derogated","*"
2021,"8","44E4","Ballan","derogated","*"
2021,"8","44E4","Corkwing","derogated","*"
2021,"8","44E4","Cuckoo","derogated","*"
2021,"8","44E4","Goldsinny","derogated","*"
2021,"8","44E4","Rock cook","derogated","*"
2021,"8","44E5","Ballan","derogated","*"
2021,"8","44E5","Corkwing","derogated","*"
2021,"8","44E5","Cuckoo","derogated","*"
2021,"8","44E5","Goldsinny","derogated","*"
2021,"8","44E6","Ballan","derogated","*"
2021,"8","44E6","Corkwing","derogated","*"
2021,"8","44E6","Rock cook","derogated","*"
2021,"8","45E3","Ballan","derogated","*"
2021,"8","45E4","Ballan","derogated","*"
2021,"8","45E4","Corkwing","derogated","*"
2021,"8","45E4","Cuckoo","derogated","*"
2021,"8","45E4","Rock cook","derogated","*"
2021,"8","46E6","Ballan","derogated","1.21156"
2021,"8","47E6","Ballan","derogated","*"
2021,"8","47E7","Ballan","derogated","1.25166"
2021,"9","40E4","Ballan","derogated","*"
2021,"9","40E4","Corkwing","derogated","*"
2021,"9","40E4","Cuckoo","derogated","*"
2021,"9","40E4","Goldsinny","derogated","*"
2021,"9","40E4","Rock cook","derogated","*"
2021,"9","41E4","Ballan","derogated","*"
2021,"9","41E4","Corkwing","derogated","*"
2021,"9","41E4","Cuckoo","derogated","*"
2021,"9","41E4","Goldsinny","derogated","*"
2021,"9","41E4","Rock cook","derogated","*"
2021,"9","41E5","Ballan","derogated","*"
2021,"9","41E5","Corkwing","derogated","*"
2021,"9","41E5","Cuckoo","derogated","*"
2021,"9","41E5","Goldsinny","derogated","*"
2021,"9","41E5","Rock cook","derogated","*"
2021,"9","42E4","Ballan","derogated","3.03646"
2021,"9","42E4","Corkwing","derogated","1.12385"
2021,"9","42E4","Cuckoo","derogated","0.363"
2021,"9","42E4","Goldsinny","derogated","0.40207"
2021,"9","42E4","Rock cook","derogated","0.13016"
2021,"9","43E2","Ballan","derogated","0.54624"
2021,"9","43E2","Corkwing","derogated","*"
2021,"9","43E2","Cuckoo","derogated","*"
2021,"9","43E2","Goldsinny","derogated","*"
2021,"9","43E3","Ballan","derogated","0.95074"
2021,"9","43E3","Corkwing","derogated","*"
2021,"9","43E3","Cuckoo","derogated","*"
2021,"9","43E3","Goldsinny","derogated","*"
2021,"9","43E4","Ballan","derogated","*"
2021,"9","43E5","Ballan","derogated","*"
2021,"9","44E2","Ballan","derogated","0.94938"
2021,"9","44E2","Corkwing","derogated","0.1867"
2021,"9","44E2","Cuckoo","derogated","0.07163"
2021,"9","44E2","Goldsinny","derogated","0.46195"
2021,"9","44E2","Rock cook","derogated","*"
2021,"9","44E3","Ballan","derogated","*"
2021,"9","44E3","Corkwing","derogated","*"
2021,"9","44E3","Goldsinny","derogated","*"
2021,"9","44E4","Ballan","derogated","0.2711"
2021,"9","44E4","Cuckoo","derogated","*"
2021,"9","44E5","Ballan","derogated","*"
2021,"9","44E5","Corkwing","derogated","*"
2021,"9","44E5","Cuckoo","derogated","*"
2021,"9","44E5","Goldsinny","derogated","*"
2021,"9","44E6","Ballan","derogated","*"
2021,"9","44E6","Corkwing","derogated","*"
2021,"9","44E6","Rock cook","derogated","*"
2021,"9","45E3","Ballan","derogated","*"
2021,"9","45E4","Ballan","derogated","*"
2021,"9","46E6","Ballan","derogated","0.74784"
2021,"9","47E6","Ballan","derogated","*"
2021,"9","47E7","Ballan","derogated","0.85365"
2021,"10","41E4","Ballan","derogated","*"
2021,"10","41E4","Corkwing","derogated","*"
2021,"10","41E4","Cuckoo","derogated","*"
2021,"10","41E4","Goldsinny","derogated","*"
2021,"10","41E4","Rock cook","derogated","*"
2021,"10","42E4","Ballan","derogated","0.95888"
2021,"10","42E4","Corkwing","derogated","0.5515"
2021,"10","42E4","Cuckoo","derogated","0.0937"
2021,"10","42E4","Goldsinny","derogated","0.11558"
2021,"10","42E4","Rock cook","derogated","0.0544"
2021,"10","43E2","Ballan","derogated","*"
2021,"10","43E2","Corkwing","derogated","*"
2021,"10","43E2","Cuckoo","derogated","*"
2021,"10","43E2","Goldsinny","derogated","*"
2021,"10","43E3","Ballan","derogated","0.48152"
2021,"10","43E3","Corkwing","derogated","*"
2021,"10","43E3","Cuckoo","derogated","*"
2021,"10","43E3","Goldsinny","derogated","*"
2021,"10","44E2","Ballan","derogated","1.31946"
2021,"10","44E2","Corkwing","derogated","*"
2021,"10","44E2","Cuckoo","derogated","*"
2021,"10","44E2","Goldsinny","derogated","*"
2021,"10","44E3","Ballan","derogated","*"
2021,"10","44E3","Corkwing","derogated","*"
2021,"10","44E3","Goldsinny","derogated","*"
2021,"10","44E4","Ballan","derogated","*"
2021,"10","44E6","Ballan","derogated","*"
2021,"10","44E6","Corkwing","derogated","*"
2021,"10","44E6","Rock cook","derogated","*"
2021,"10","45E4","Ballan","derogated","*"
2021,"10","46E6","Ballan","derogated","*"
2021,"10","47E6","Ballan","derogated","*"
2021,"10","47E7","Ballan","derogated","0.44133"
2021,"11","41E4","Ballan","derogated","*"
2021,"11","41E4","Corkwing","derogated","*"
2021,"11","41E4","Goldsinny","derogated","*"
2021,"11","41E4","Rock cook","derogated","*"
2021,"11","42E4","Ballan","derogated","*"
2021,"11","42E4","Corkwing","derogated","*"
2021,"11","42E4","Cuckoo","derogated","*"
2021,"11","42E4","Goldsinny","derogated","*"
2021,"11","42E4","Rock cook","derogated","*"
2021,"11","43E2","Ballan","derogated","*"
2021,"11","43E3","Ballan","derogated","*"
2021,"11","44E2","Ballan","derogated","*"
2021,"11","44E3","Ballan","derogated","*"
2021,"11","44E3","Cuckoo","derogated","*"
2021,"11","44E3","Goldsinny","derogated","*"
2021,"11","45E4","Ballan","derogated","*"
2022,"5","40E4","Ballan","derogated","*"
2022,"5","41E4","Ballan","derogated","*"
2022,"5","41E4","Corkwing","derogated","*"
2022,"5","41E4","Cuckoo","derogated","*"
2022,"5","41E4","Goldsinny","derogated","*"
2022,"5","41E4","Rock cook","derogated","*"
2022,"5","42E3","Ballan","derogated","*"
2022,"5","42E4","Ballan","derogated","0.35758"
2022,"5","42E4","Corkwing","derogated","0.1596"
2022,"5","42E4","Cuckoo","derogated","*"
2022,"5","42E4","Goldsinny","derogated","0.04107"
2022,"5","42E4","Rock cook","derogated","0.03053"
2022,"5","43E2","Ballan","derogated","*"
2022,"5","43E3","Ballan","derogated","0.47588"
2022,"5","43E3","Corkwing","derogated","*"
2022,"5","43E3","Cuckoo","derogated","*"
2022,"5","43E3","Goldsinny","derogated","*"
2022,"5","43E4","Ballan","derogated","*"
2022,"5","44E2","Ballan","derogated","*"
2022,"5","44E3","Ballan","derogated","*"
2022,"5","44E3","Corkwing","derogated","*"
2022,"5","44E3","Cuckoo","derogated","*"
2022,"5","44E3","Goldsinny","derogated","*"
2022,"5","46E6","Ballan","derogated","*"
2022,"5","47E7","Ballan","derogated","*"
2022,"6","40E4","Ballan","derogated","*"
2022,"6","41E4","Ballan","derogated","1.1712"
2022,"6","41E4","Corkwing","derogated","*"
2022,"6","41E4","Cuckoo","derogated","*"
2022,"6","41E4","Goldsinny","derogated","*"
2022,"6","41E4","Rock cook","derogated","*"
2022,"6","42E3","Ballan","derogated","*"
2022,"6","42E4","Ballan","derogated","1.07"
2022,"6","42E4","Corkwing","derogated","0.42355"
2022,"6","42E4","Cuckoo","derogated","*"
2022,"6","42E4","Goldsinny","derogated","0.08256"
2022,"6","42E4","Rock cook","derogated","0.07134"
2022,"6","43E2","Ballan","derogated","*"
2022,"6","43E3","Ballan","derogated","1.51788"
2022,"6","43E3","Corkwing","derogated","*"
2022,"6","43E3","Cuckoo","derogated","*"
2022,"6","43E3","Goldsinny","derogated","*"
2022,"6","43E4","Ballan","derogated","*"
2022,"6","43E4","Corkwing","derogated","*"
2022,"6","43E4","Cuckoo","derogated","*"
2022,"6","43E4","Goldsinny","derogated","*"
2022,"6","44E2","Ballan","derogated","2.48744"
2022,"6","44E2","Corkwing","derogated","*"
2022,"6","44E2","Cuckoo","derogated","*"
2022,"6","44E2","Goldsinny","derogated","*"
2022,"6","44E3","Ballan","derogated","1.65144"
2022,"6","44E3","Corkwing","derogated","*"
2022,"6","44E3","Cuckoo","derogated","*"
2022,"6","44E3","Goldsinny","derogated","0.12175"
2022,"6","44E3","Rock cook","derogated","*"
2022,"6","45E3","Ballan","derogated","*"
2022,"6","45E4","Ballan","derogated","*"
2022,"6","45E4","Cuckoo","derogated","*"
2022,"6","46E4","Ballan","derogated","*"
2022,"6","46E6","Ballan","derogated","*"
2022,"6","47E3","Ballan","derogated","*"
2022,"6","47E6","Ballan","derogated","*"
2022,"6","47E7","Ballan","derogated","0.6892"
2022,"6","47E7","Corkwing","derogated","*"
2022,"6","47E7","Cuckoo","derogated","*"
2022,"6","47E7","Goldsinny","derogated","*"
2022,"7","40E4","Ballan","derogated","*"
2022,"7","41E4","Ballan","derogated","1.55306"
2022,"7","41E4","Corkwing","derogated","*"
2022,"7","41E4","Cuckoo","derogated","*"
2022,"7","41E4","Goldsinny","derogated","*"
2022,"7","41E4","Rock cook","derogated","*"
2022,"7","42E3","Ballan","derogated","*"
2022,"7","42E4","Ballan","derogated","3.45924"
2022,"7","42E4","Corkwing","derogated","0.5551"
2022,"7","42E4","Cuckoo","derogated","0.1962"
2022,"7","42E4","Goldsinny","derogated","0.24256"
2022,"7","42E4","Rock cook","derogated","0.10104"
2022,"7","43E2","Ballan","derogated","0.78016"
2022,"7","43E2","Corkwing","derogated","*"
2022,"7","43E2","Cuckoo","derogated","*"
2022,"7","43E2","Goldsinny","derogated","*"
2022,"7","43E2","Rock cook","derogated","*"
2022,"7","43E3","Ballan","derogated","1.78878"
2022,"7","43E3","Corkwing","derogated","*"
2022,"7","43E3","Cuckoo","derogated","*"
2022,"7","43E3","Goldsinny","derogated","*"
2022,"7","43E4","Ballan","derogated","*"
2022,"7","43E4","Corkwing","derogated","*"
2022,"7","43E4","Cuckoo","derogated","*"
2022,"7","43E4","Goldsinny","derogated","*"
2022,"7","44E2","Ballan","derogated","2.35864"
2022,"7","44E2","Corkwing","derogated","*"
2022,"7","44E2","Cuckoo","derogated","*"
2022,"7","44E2","Goldsinny","derogated","*"
2022,"7","44E2","Rock cook","derogated","*"
2022,"7","44E3","Ballan","derogated","1.02892"
2022,"7","44E3","Corkwing","derogated","*"
2022,"7","44E3","Cuckoo","derogated","*"
2022,"7","44E3","Goldsinny","derogated","*"
2022,"7","44E3","Rock cook","derogated","*"
2022,"7","44E4","Ballan","derogated","*"
2022,"7","44E6","Ballan","derogated","*"
2022,"7","44E6","Corkwing","derogated","*"
2022,"7","44E6","Rock cook","derogated","*"
2022,"7","45E3","Ballan","derogated","*"
2022,"7","45E4","Ballan","derogated","*"
2022,"7","45E4","Cuckoo","derogated","*"
2022,"7","46E6","Ballan","derogated","*"
2022,"7","47E6","Ballan","derogated","*"
2022,"7","47E7","Ballan","derogated","1.51601"
2022,"7","47E7","Corkwing","derogated","*"
2022,"7","47E7","Cuckoo","derogated","*"
2022,"7","47E7","Goldsinny","derogated","*"
2022,"7","47E7","Rock cook","derogated","*"
2022,"7","49E9","Ballan","derogated","*"
2022,"8","40E4","Ballan","derogated","*"
2022,"8","41E4","Ballan","derogated","2.02028"
2022,"8","41E4","Corkwing","derogated","*"
2022,"8","41E4","Cuckoo","derogated","*"
2022,"8","41E4","Goldsinny","derogated","*"
2022,"8","41E4","Rock cook","derogated","*"
2022,"8","42E3","Ballan","derogated","*"
2022,"8","42E4","Ballan","derogated","3.84859"
2022,"8","42E4","Corkwing","derogated","1.00075"
2022,"8","42E4","Cuckoo","derogated","0.4477"
2022,"8","42E4","Goldsinny","derogated","0.41641"
2022,"8","42E4","Rock cook","derogated","0.12536"
2022,"8","43E2","Ballan","derogated","0.78322"
2022,"8","43E2","Corkwing","derogated","1.20775"
2022,"8","43E2","Cuckoo","derogated","*"
2022,"8","43E2","Goldsinny","derogated","*"
2022,"8","43E2","Rock cook","derogated","*"
2022,"8","43E3","Ballan","derogated","2.26064"
2022,"8","43E3","Corkwing","derogated","*"
2022,"8","43E3","Cuckoo","derogated","*"
2022,"8","43E3","Goldsinny","derogated","*"
2022,"8","43E4","Ballan","derogated","*"
2022,"8","44E2","Ballan","derogated","0.5641"
2022,"8","44E2","Corkwing","derogated","*"
2022,"8","44E2","Cuckoo","derogated","*"
2022,"8","44E2","Goldsinny","derogated","*"
2022,"8","44E2","Rock cook","derogated","*"
2022,"8","44E3","Ballan","derogated","*"
2022,"8","44E3","Corkwing","derogated","*"
2022,"8","44E3","Goldsinny","derogated","*"
2022,"8","44E3","Rock cook","derogated","*"
2022,"8","44E4","Ballan","derogated","*"
2022,"8","44E6","Ballan","derogated","*"
2022,"8","44E6","Corkwing","derogated","*"
2022,"8","44E6","Rock cook","derogated","*"
2022,"8","45E3","Ballan","derogated","*"
2022,"8","45E4","Ballan","derogated","*"
2022,"8","45E4","Cuckoo","derogated","*"
2022,"8","46E6","Ballan","derogated","*"
2022,"8","46E7","Ballan","derogated","*"
2022,"8","47E6","Ballan","derogated","*"
2022,"8","47E7","Ballan","derogated","1.52365"
2022,"8","47E7","Corkwing","derogated","*"
2022,"8","47E7","Cuckoo","derogated","*"
2022,"8","47E7","Goldsinny","derogated","*"
2022,"8","47E7","Rock cook","derogated","*"
2022,"8","49E9","Ballan","derogated","*"
2022,"9","40E4","Ballan","derogated","*"
2022,"9","41E4","Ballan","derogated","*"
2022,"9","41E4","Corkwing","derogated","*"
2022,"9","41E4","Cuckoo","derogated","*"
2022,"9","41E4","Goldsinny","derogated","*"
2022,"9","41E4","Rock cook","derogated","*"
2022,"9","42E2","Ballan","derogated","*"
2022,"9","42E2","Corkwing","derogated","*"
2022,"9","42E2","Cuckoo","derogated","*"
2022,"9","42E2","Goldsinny","derogated","*"
2022,"9","42E2","Rock cook","derogated","*"
2022,"9","42E4","Ballan","derogated","2.87402"
2022,"9","42E4","Corkwing","derogated","1.0459"
2022,"9","42E4","Cuckoo","derogated","0.403"
2022,"9","42E4","Goldsinny","derogated","0.3833"
2022,"9","42E4","Rock cook","derogated","0.06081"
2022,"9","43E2","Ballan","derogated","*"
2022,"9","43E2","Corkwing","derogated","*"
2022,"9","43E3","Ballan","derogated","1.1342"
2022,"9","43E3","Corkwing","derogated","*"
2022,"9","43E3","Cuckoo","derogated","*"
2022,"9","43E3","Goldsinny","derogated","*"
2022,"9","43E4","Ballan","derogated","*"
2022,"9","44E2","Ballan","derogated","*"
2022,"9","44E2","Cuckoo","derogated","*"
2022,"9","44E2","Goldsinny","derogated","*"
2022,"9","44E2","Rock cook","derogated","*"
2022,"9","44E3","Ballan","derogated","0.186"
2022,"9","44E3","Corkwing","derogated","*"
2022,"9","44E3","Cuckoo","derogated","*"
2022,"9","44E3","Goldsinny","derogated","*"
2022,"9","44E3","Rock cook","derogated","*"
2022,"9","44E4","Ballan","derogated","*"
2022,"9","45E3","Ballan","derogated","*"
2022,"9","45E4","Ballan","derogated","*"
2022,"9","45E4","Cuckoo","derogated","*"
2022,"9","46E6","Ballan","derogated","*"
2022,"9","46E7","Ballan","derogated","*"
2022,"9","47E6","Ballan","derogated","*"
2022,"9","47E7","Ballan","derogated","1.00683"
2022,"9","47E7","Corkwing","derogated","*"
2022,"9","47E7","Cuckoo","derogated","*"
2022,"9","47E7","Goldsinny","derogated","*"
2022,"9","47E7","Rock cook","derogated","*"
2022,"9","49E8","Ballan","derogated","*"
2022,"9","49E9","Ballan","derogated","*"
2022,"10","40E8","Ballan","derogated","*"
2022,"10","41E4","Ballan","derogated","*"
2022,"10","41E4","Corkwing","derogated","*"
2022,"10","41E4","Cuckoo","derogated","*"
2022,"10","41E4","Goldsinny","derogated","*"
2022,"10","41E4","Rock cook","derogated","*"
2022,"10","42E2","Ballan","derogated","*"
2022,"10","42E2","Cuckoo","derogated","*"
2022,"10","42E2","Goldsinny","derogated","*"
2022,"10","42E2","Rock cook","derogated","*"
2022,"10","42E3","Ballan","derogated","*"
2022,"10","42E4","Ballan","derogated","1.39488"
2022,"10","42E4","Corkwing","derogated","0.48415"
2022,"10","42E4","Cuckoo","derogated","0.19878"
2022,"10","42E4","Goldsinny","derogated","0.17433"
2022,"10","42E4","Rock cook","derogated","0.02322"
2022,"10","43E2","Ballan","derogated","0.1856"
2022,"10","43E2","Corkwing","derogated","0.10575"
2022,"10","43E2","Cuckoo","derogated","0.03496"
2022,"10","43E2","Goldsinny","derogated","0.10971"
2022,"10","43E2","Rock cook","derogated","0.01504"
2022,"10","43E4","Ballan","derogated","*"
2022,"10","44E2","Ballan","derogated","*"
2022,"10","44E2","Cuckoo","derogated","*"
2022,"10","44E2","Goldsinny","derogated","*"
2022,"10","44E2","Rock cook","derogated","*"
2022,"10","44E3","Ballan","derogated","*"
2022,"10","44E3","Corkwing","derogated","*"
2022,"10","44E3","Cuckoo","derogated","*"
2022,"10","44E3","Goldsinny","derogated","*"
2022,"10","44E3","Rock cook","derogated","*"
2022,"10","45E3","Ballan","derogated","*"
2022,"10","45E4","Ballan","derogated","*"
2022,"10","46E7","Ballan","derogated","*"
2022,"10","47E7","Ballan","derogated","0.509"
2022,"10","47E7","Corkwing","derogated","*"
2022,"10","47E7","Cuckoo","derogated","*"
2022,"10","47E7","Goldsinny","derogated","*"
2022,"10","47E7","Rock cook","derogated","*"
2022,"10","49E8","Ballan","derogated","*"
2022,"10","49E9","Ballan","derogated","*"
2022,"11","40E4","Ballan","derogated","*"
2022,"11","41E4","Ballan","derogated","*"
2022,"11","41E4","Corkwing","derogated","*"
2022,"11","41E4","Cuckoo","derogated","*"
2022,"11","41E4","Goldsinny","derogated","*"
2022,"11","41E4","Rock cook","derogated","*"
2022,"11","42E4","Ballan","derogated","*"
2022,"11","42E4","Corkwing","derogated","*"
2022,"11","42E4","Cuckoo","derogated","*"
2022,"11","42E4","Goldsinny","derogated","*"
2022,"11","42E4","Rock cook","derogated","*"
2022,"11","44E2","Ballan","derogated","*"
2022,"11","46E7","Ballan","derogated","*"
2022,"11","47E7","Ballan","derogated","0.16678"
2022,"11","49E8","Ballan","derogated","*"
2022,"11","49E9","Ballan","derogated","*"
2023,"5","41E4","Ballan","derogated","*"
2023,"5","41E4","Corkwing","derogated","*"
2023,"5","41E4","Goldsinny","derogated","*"
2023,"5","41E4","Rock cook","derogated","*"
2023,"5","42E3","Ballan","derogated","*"
2023,"5","42E4","Ballan","derogated","0.69486"
2023,"5","42E4","Corkwing","derogated","0.4556"
2023,"5","42E4","Cuckoo","derogated","*"
2023,"5","42E4","Goldsinny","derogated","0.07789"
2023,"5","42E4","Rock cook","derogated","0.06343"
2023,"5","43E2","Ballan","derogated","*"
2023,"5","43E2","Corkwing","derogated","*"
2023,"5","43E2","Cuckoo","derogated","*"
2023,"5","43E2","Goldsinny","derogated","*"
2023,"5","43E3","Ballan","derogated","0.9527"
2023,"5","43E3","Corkwing","derogated","*"
2023,"5","43E3","Cuckoo","derogated","*"
2023,"5","43E3","Goldsinny","derogated","*"
2023,"5","43E4","Ballan","derogated","*"
2023,"5","44E2","Ballan","derogated","*"
2023,"5","44E2","Corkwing","derogated","*"
2023,"5","44E2","Cuckoo","derogated","*"
2023,"5","44E2","Goldsinny","derogated","*"
2023,"5","44E2","Rock cook","derogated","*"
2023,"5","44E3","Ballan","derogated","*"
2023,"5","44E3","Corkwing","derogated","*"
2023,"5","44E3","Cuckoo","derogated","*"
2023,"5","44E3","Goldsinny","derogated","*"
2023,"5","44E3","Rock cook","derogated","*"
2023,"5","44E4","Ballan","derogated","*"
2023,"5","44E4","Rock cook","derogated","*"
2023,"5","45E4","Ballan","derogated","*"
2023,"5","45E4","Cuckoo","derogated","*"
2023,"5","45E4","Goldsinny","derogated","*"
2023,"6","40E4","Ballan","derogated","*"
2023,"6","40E5","Ballan","derogated","*"
2023,"6","41E4","Ballan","derogated","*"
2023,"6","41E4","Corkwing","derogated","*"
2023,"6","41E4","Goldsinny","derogated","*"
2023,"6","41E4","Rock cook","derogated","*"
2023,"6","42E3","Ballan","derogated","*"
2023,"6","42E4","Ballan","derogated","2.35458"
2023,"6","42E4","Corkwing","derogated","0.691"
2023,"6","42E4","Cuckoo","derogated","0.00536"
2023,"6","42E4","Goldsinny","derogated","0.11923"
2023,"6","42E4","Rock cook","derogated","0.18694"
2023,"6","43E2","Ballan","derogated","1.42456"
2023,"6","43E2","Corkwing","derogated","*"
2023,"6","43E2","Cuckoo","derogated","*"
2023,"6","43E2","Goldsinny","derogated","*"
2023,"6","43E3","Ballan","derogated","2.92132"
2023,"6","43E3","Corkwing","derogated","*"
2023,"6","43E3","Cuckoo","derogated","*"
2023,"6","43E3","Goldsinny","derogated","*"
2023,"6","43E4","Ballan","derogated","*"
2023,"6","44E2","Ballan","derogated","0.27596"
2023,"6","44E2","Corkwing","derogated","*"
2023,"6","44E2","Cuckoo","derogated","*"
2023,"6","44E2","Goldsinny","derogated","0.09911"
2023,"6","44E2","Rock cook","derogated","*"
2023,"6","44E3","Ballan","derogated","0.3301"
2023,"6","44E3","Corkwing","derogated","*"
2023,"6","44E3","Cuckoo","derogated","*"
2023,"6","44E3","Goldsinny","derogated","*"
2023,"6","44E3","Rock cook","derogated","*"
2023,"6","44E4","Ballan","derogated","0.44214"
2023,"6","44E4","Rock cook","derogated","*"
2023,"6","45E3","Ballan","derogated","*"
2023,"6","45E4","Ballan","derogated","*"
2023,"6","45E4","Cuckoo","derogated","*"
2023,"6","45E4","Goldsinny","derogated","*"
2023,"6","46E4","Ballan","derogated","*"
2023,"6","46E6","Ballan","derogated","*"
2023,"6","46E7","Ballan","derogated","0.3054"
2023,"6","47E6","Ballan","derogated","*"
2023,"6","47E7","Ballan","derogated","0.65305"
2023,"6","47E7","Corkwing","derogated","*"
2023,"6","47E7","Cuckoo","derogated","*"
2023,"6","47E7","Goldsinny","derogated","*"
2023,"6","47E7","Rock cook","derogated","*"
2023,"6","49E8","Ballan","derogated","*"
2023,"6","49E9","Wrasse","derogated","*"
2023,"7","40E4","Ballan","derogated","*"
2023,"7","40E5","Ballan","derogated","*"
2023,"7","41E4","Ballan","derogated","*"
2023,"7","41E4","Corkwing","derogated","*"
2023,"7","41E4","Goldsinny","derogated","*"
2023,"7","41E4","Rock cook","derogated","*"
2023,"7","42E3","Ballan","derogated","*"
2023,"7","42E4","Ballan","derogated","2.92234"
2023,"7","42E4","Corkwing","derogated","1.1562"
2023,"7","42E4","Cuckoo","derogated","0.2645"
2023,"7","42E4","Goldsinny","derogated","0.22094"
2023,"7","42E4","Rock cook","derogated","0.07895"
2023,"7","43E2","Ballan","derogated","*"
2023,"7","43E2","Corkwing","derogated","*"
2023,"7","43E3","Ballan","derogated","0.58998"
2023,"7","43E3","Corkwing","derogated","*"
2023,"7","43E3","Cuckoo","derogated","*"
2023,"7","43E3","Goldsinny","derogated","*"
2023,"7","43E4","Ballan","derogated","0.14634"
2023,"7","43E4","Cuckoo","derogated","*"
2023,"7","44E2","Ballan","derogated","0.35792"
2023,"7","44E2","Corkwing","derogated","0.27295"
2023,"7","44E2","Cuckoo","derogated","*"
2023,"7","44E2","Goldsinny","derogated","0.12318"
2023,"7","44E2","Rock cook","derogated","*"
2023,"7","44E3","Ballan","derogated","*"
2023,"7","44E3","Corkwing","derogated","*"
2023,"7","44E3","Goldsinny","derogated","*"
2023,"7","44E4","Ballan","derogated","0.54336"
2023,"7","44E4","Rock cook","derogated","*"
2023,"7","45E3","Ballan","derogated","0.4039"
2023,"7","45E3","Corkwing","derogated","*"
2023,"7","45E3","Cuckoo","derogated","*"
2023,"7","45E3","Goldsinny","derogated","*"
2023,"7","45E3","Rock cook","derogated","*"
2023,"7","45E4","Ballan","derogated","0.2125"
2023,"7","45E4","Cuckoo","derogated","*"
2023,"7","45E4","Goldsinny","derogated","*"
2023,"7","46E6","Ballan","derogated","*"
2023,"7","46E7","Ballan","derogated","0.98746"
2023,"7","47E6","Ballan","derogated","0.08292"
2023,"7","47E6","Corkwing","derogated","*"
2023,"7","47E6","Cuckoo","derogated","*"
2023,"7","47E6","Goldsinny","derogated","*"
2023,"7","47E6","Rock cook","derogated","*"
2023,"7","47E7","Ballan","derogated","0.73518"
2023,"7","47E7","Corkwing","derogated","*"
2023,"7","47E7","Cuckoo","derogated","*"
2023,"7","47E7","Goldsinny","derogated","*"
2023,"7","47E7","Rock cook","derogated","*"
2023,"7","49E8","Ballan","derogated","0.81228"
2023,"7","49E9","Ballan","derogated","*"
2023,"7","49E9","Wrasse","derogated","*"
2023,"8","40E4","Ballan","derogated","*"
2023,"8","40E5","Ballan","derogated","*"
2023,"8","41E4","Ballan","derogated","*"
2023,"8","41E4","Corkwing","derogated","*"
2023,"8","41E4","Goldsinny","derogated","*"
2023,"8","41E4","Rock cook","derogated","*"
2023,"8","42E3","Ballan","derogated","*"
2023,"8","42E4","Ballan","derogated","3.37186"
2023,"8","42E4","Corkwing","derogated","2.5801"
2023,"8","42E4","Cuckoo","derogated","0.4324"
2023,"8","42E4","Goldsinny","derogated","0.33512"
2023,"8","42E4","Rock cook","derogated","0.12031"
2023,"8","43E2","Ballan","derogated","1.58567"
2023,"8","43E2","Corkwing","derogated","*"
2023,"8","43E3","Ballan","derogated","0.8926"
2023,"8","43E3","Corkwing","derogated","*"
2023,"8","43E3","Cuckoo","derogated","*"
2023,"8","43E3","Goldsinny","derogated","*"
2023,"8","43E4","Ballan","derogated","0.39006"
2023,"8","43E4","Cuckoo","derogated","*"
2023,"8","44E2","Ballan","derogated","0.65809"
2023,"8","44E2","Corkwing","derogated","0.33155"
2023,"8","44E2","Cuckoo","derogated","*"
2023,"8","44E2","Goldsinny","derogated","*"
2023,"8","44E2","Rock cook","derogated","*"
2023,"8","44E3","Ballan","derogated","0.48375"
2023,"8","44E3","Corkwing","derogated","*"
2023,"8","44E3","Goldsinny","derogated","*"
2023,"8","44E4","Ballan","derogated","0.37448"
2023,"8","44E4","Cuckoo","derogated","*"
2023,"8","44E4","Goldsinny","derogated","*"
2023,"8","44E4","Rock cook","derogated","*"
2023,"8","44E6","Corkwing","derogated","*"
2023,"8","44E6","Rock cook","derogated","*"
2023,"8","45E3","Ballan","derogated","0.5339"
2023,"8","45E3","Corkwing","derogated","*"
2023,"8","45E3","Cuckoo","derogated","*"
2023,"8","45E3","Goldsinny","derogated","*"
2023,"8","45E3","Rock cook","derogated","*"
2023,"8","45E4","Ballan","derogated","0.32736"
2023,"8","45E4","Cuckoo","derogated","*"
2023,"8","45E4","Goldsinny","derogated","*"
2023,"8","45E4","Rock cook","derogated","*"
2023,"8","46E6","Ballan","derogated","*"
2023,"8","46E7","Ballan","derogated","0.64756"
2023,"8","47E6","Ballan","derogated","0.10864"
2023,"8","47E6","Corkwing","derogated","*"
2023,"8","47E6","Cuckoo","derogated","*"
2023,"8","47E6","Goldsinny","derogated","*"
2023,"8","47E6","Rock cook","derogated","*"
2023,"8","47E7","Ballan","derogated","0.74663"
2023,"8","47E7","Corkwing","derogated","*"
2023,"8","47E7","Cuckoo","derogated","*"
2023,"8","47E7","Goldsinny","derogated","*"
2023,"8","47E7","Rock cook","derogated","*"
2023,"8","48E8","Ballan","derogated","*"
2023,"8","49E8","Ballan","derogated","1.39564"
2023,"8","49E9","Ballan","derogated","1.54914"
2023,"9","40E4","Ballan","derogated","*"
2023,"9","40E5","Ballan","derogated","*"
2023,"9","41E4","Ballan","derogated","3.49708"
2023,"9","41E4","Corkwing","derogated","*"
2023,"9","41E4","Goldsinny","derogated","*"
2023,"9","41E4","Rock cook","derogated","*"
2023,"9","42E4","Ballan","derogated","3.08342"
2023,"9","42E4","Corkwing","derogated","1.81155"
2023,"9","42E4","Cuckoo","derogated","0.2607"
2023,"9","42E4","Goldsinny","derogated","0.22172"
2023,"9","42E4","Rock cook","derogated","0.06274"
2023,"9","43E2","Ballan","derogated","0.89472"
2023,"9","43E2","Corkwing","derogated","*"
2023,"9","43E2","Cuckoo","derogated","*"
2023,"9","43E2","Goldsinny","derogated","*"
2023,"9","43E2","Rock cook","derogated","*"
2023,"9","43E3","Ballan","derogated","0.30846"
2023,"9","43E3","Corkwing","derogated","*"
2023,"9","43E3","Cuckoo","derogated","*"
2023,"9","43E3","Goldsinny","derogated","*"
2023,"9","43E4","Ballan","derogated","*"
2023,"9","44E2","Ballan","derogated","0.68408"
2023,"9","44E2","Corkwing","derogated","0.45275"
2023,"9","44E2","Cuckoo","derogated","*"
2023,"9","44E2","Goldsinny","derogated","0.19285"
2023,"9","44E2","Rock cook","derogated","*"
2023,"9","44E3","Ballan","derogated","*"
2023,"9","44E3","Corkwing","derogated","*"
2023,"9","44E3","Cuckoo","derogated","*"
2023,"9","44E3","Goldsinny","derogated","*"
2023,"9","44E3","Rock cook","derogated","*"
2023,"9","44E4","Ballan","derogated","0.12752"
2023,"9","44E4","Rock cook","derogated","*"
2023,"9","44E6","Corkwing","derogated","*"
2023,"9","44E6","Rock cook","derogated","*"
2023,"9","45E3","Ballan","derogated","0.26264"
2023,"9","45E3","Corkwing","derogated","*"
2023,"9","45E3","Cuckoo","derogated","*"
2023,"9","45E3","Goldsinny","derogated","*"
2023,"9","45E3","Rock cook","derogated","*"
2023,"9","45E4","Ballan","derogated","*"
2023,"9","45E4","Cuckoo","derogated","*"
2023,"9","45E4","Goldsinny","derogated","*"
2023,"9","46E6","Ballan","derogated","*"
2023,"9","46E7","Ballan","derogated","0.39932"
2023,"9","47E6","Ballan","derogated","0.2218"
2023,"9","47E6","Corkwing","derogated","*"
2023,"9","47E6","Cuckoo","derogated","*"
2023,"9","47E6","Goldsinny","derogated","*"
2023,"9","47E6","Rock cook","derogated","*"
2023,"9","47E7","Ballan","derogated","1.0684"
2023,"9","47E7","Corkwing","derogated","*"
2023,"9","47E7","Cuckoo","derogated","*"
2023,"9","47E7","Goldsinny","derogated","*"
2023,"9","47E7","Rock cook","derogated","*"
2023,"9","49E8","Ballan","derogated","0.79336"
2023,"9","49E9","Ballan","derogated","*"
2023,"10","40E4","Ballan","derogated","*"
2023,"10","40E5","Ballan","derogated","*"
2023,"10","41E4","Ballan","derogated","2.06004"
2023,"10","41E4","Corkwing","derogated","*"
2023,"10","41E4","Goldsinny","derogated","*"
2023,"10","41E4","Rock cook","derogated","*"
2023,"10","42E3","Ballan","derogated","*"
2023,"10","42E4","Ballan","derogated","1.87366"
2023,"10","42E4","Corkwing","derogated","1.31"
2023,"10","42E4","Cuckoo","derogated","0.1475"
2023,"10","42E4","Goldsinny","derogated","0.12985"
2023,"10","42E4","Rock cook","derogated","0.04129"
2023,"10","43E2","Ballan","derogated","*"
2023,"10","43E2","Corkwing","derogated","*"
2023,"10","43E2","Cuckoo","derogated","*"
2023,"10","43E2","Goldsinny","derogated","*"
2023,"10","43E2","Rock cook","derogated","*"
2023,"10","43E3","Ballan","derogated","0.38472"
2023,"10","43E3","Corkwing","derogated","*"
2023,"10","43E3","Cuckoo","derogated","*"
2023,"10","43E3","Goldsinny","derogated","*"
2023,"10","43E4","Ballan","derogated","*"
2023,"10","44E2","Ballan","derogated","*"
2023,"10","44E2","Corkwing","derogated","*"
2023,"10","44E2","Cuckoo","derogated","*"
2023,"10","44E2","Goldsinny","derogated","*"
2023,"10","44E2","Rock cook","derogated","*"
2023,"10","44E3","Ballan","derogated","*"
2023,"10","44E3","Corkwing","derogated","*"
2023,"10","44E3","Cuckoo","derogated","*"
2023,"10","44E3","Goldsinny","derogated","*"
2023,"10","44E3","Rock cook","derogated","*"
2023,"10","45E3","Ballan","derogated","*"
2023,"10","45E4","Ballan","derogated","*"
2023,"10","46E6","Ballan","derogated","*"
2023,"10","46E7","Ballan","derogated","0.32074"
2023,"10","47E6","Ballan","derogated","0.01188"
2023,"10","47E6","Corkwing","derogated","*"
2023,"10","47E6","Cuckoo","derogated","*"
2023,"10","47E6","Goldsinny","derogated","*"
2023,"10","47E6","Rock cook","derogated","*"
2023,"10","47E7","Ballan","derogated","0.37237"
2023,"10","47E7","Corkwing","derogated","*"
2023,"10","47E7","Cuckoo","derogated","*"
2023,"10","47E7","Goldsinny","derogated","*"
2023,"10","49E8","Ballan","derogated","0.1036"
2023,"10","49E9","Ballan","derogated","*"
2023,"11","41E4","Ballan","derogated","*"
2023,"11","41E4","Corkwing","derogated","*"
2023,"11","41E4","Goldsinny","derogated","*"
2023,"11","41E4","Rock cook","derogated","*"
2023,"11","42E4","Ballan","derogated","*"
2023,"11","42E4","Corkwing","derogated","*"
2023,"11","42E4","Cuckoo","derogated","*"
2023,"11","42E4","Goldsinny","derogated","*"
2023,"11","42E4","Rock cook","derogated","*"
2023,"11","43E2","Ballan","derogated","*"
2023,"11","43E2","Corkwing","derogated","*"
2023,"11","43E2","Goldsinny","derogated","*"
2023,"11","43E4","Ballan","derogated","*"
2023,"11","44E2","Ballan","derogated","*"
2023,"11","44E2","Corkwing","derogated","*"
2023,"11","44E2","Cuckoo","derogated","*"
2023,"11","44E2","Goldsinny","derogated","*"
2023,"11","44E2","Rock cook","derogated","*"
2023,"11","45E4","Ballan","derogated","*"
2023,"11","46E6","Ballan","derogated","*"
2023,"11","46E7","Ballan","derogated","*"
2023,"11","47E7","Ballan","derogated","0.1258"
2024,"5","42E3","Ballan","derogated","*"
2024,"5","42E4","Ballan","derogated","0.6922"
2024,"5","42E4","Corkwing","derogated","*"
2024,"5","42E4","Cuckoo","derogated","*"
2024,"5","42E4","Goldsinny","derogated","*"
2024,"5","42E4","Rock cook","derogated","*"
2024,"5","43E2","Ballan","derogated","*"
2024,"5","43E2","Corkwing","derogated","*"
2024,"5","43E2","Cuckoo","derogated","*"
2024,"5","43E3","Ballan","derogated","0.40568"
2024,"5","43E3","Corkwing","derogated","*"
2024,"5","43E3","Cuckoo","derogated","*"
2024,"5","43E3","Goldsinny","derogated","*"
2024,"5","43E3","Rock cook","derogated","*"
2024,"5","43E4","Ballan","derogated","*"
2024,"5","43E4","Corkwing","derogated","*"
2024,"5","43E4","Goldsinny","derogated","*"
2024,"5","43E4","Rock cook","derogated","*"
2024,"5","44E2","Ballan","derogated","*"
2024,"5","44E2","Corkwing","derogated","*"
2024,"5","44E2","Cuckoo","derogated","*"
2024,"5","44E2","Goldsinny","derogated","*"
2024,"5","44E3","Ballan","derogated","0.8979"
2024,"5","44E3","Corkwing","derogated","*"
2024,"5","44E3","Cuckoo","derogated","*"
2024,"5","44E3","Goldsinny","derogated","*"
2024,"5","44E4","Ballan","derogated","*"
2024,"5","44E4","Corkwing","derogated","*"
2024,"5","44E4","Cuckoo","derogated","*"
2024,"5","44E4","Goldsinny","derogated","*"
2024,"5","44E4","Rock cook","derogated","*"
2024,"5","45E3","Ballan","derogated","*"
2024,"5","45E3","Corkwing","derogated","*"
2024,"5","45E3","Cuckoo","derogated","*"
2024,"5","45E3","Goldsinny","derogated","*"
2024,"5","46E6","Ballan","derogated","*"
2024,"5","46E7","Ballan","derogated","*"
2024,"5","47E7","Ballan","derogated","*"
2024,"6","42E3","Ballan","derogated","*"
2024,"6","42E4","Ballan","derogated","1.2701"
2024,"6","42E4","Corkwing","derogated","0.4586"
2024,"6","42E4","Cuckoo","derogated","*"
2024,"6","42E4","Goldsinny","derogated","0.0339"
2024,"6","42E4","Rock cook","derogated","0.0247"
2024,"6","43E2","Ballan","derogated","0.20284"
2024,"6","43E2","Corkwing","derogated","*"
2024,"6","43E2","Cuckoo","derogated","*"
2024,"6","43E2","Goldsinny","derogated","*"
2024,"6","43E3","Ballan","derogated","0.83452"
2024,"6","43E3","Corkwing","derogated","0.0199"
2024,"6","43E3","Cuckoo","derogated","0.00244"
2024,"6","43E3","Goldsinny","derogated","0.02322"
2024,"6","43E3","Rock cook","derogated","*"
2024,"6","43E4","Ballan","derogated","*"
2024,"6","43E4","Corkwing","derogated","*"
2024,"6","43E4","Cuckoo","derogated","*"
2024,"6","43E4","Goldsinny","derogated","*"
2024,"6","43E4","Rock cook","derogated","*"
2024,"6","44E2","Ballan","derogated","0.16049"
2024,"6","44E2","Corkwing","derogated","*"
2024,"6","44E2","Cuckoo","derogated","*"
2024,"6","44E2","Goldsinny","derogated","*"
2024,"6","44E3","Ballan","derogated","*"
2024,"6","44E3","Corkwing","derogated","*"
2024,"6","44E3","Cuckoo","derogated","*"
2024,"6","44E3","Goldsinny","derogated","*"
2024,"6","44E4","Ballan","derogated","0.57628"
2024,"6","44E4","Corkwing","derogated","*"
2024,"6","44E4","Cuckoo","derogated","*"
2024,"6","44E4","Goldsinny","derogated","*"
2024,"6","44E4","Rock cook","derogated","0.05326"
2024,"6","45E3","Ballan","derogated","0.52592"
2024,"6","45E3","Corkwing","derogated","*"
2024,"6","45E3","Cuckoo","derogated","*"
2024,"6","45E3","Goldsinny","derogated","0.06909"
2024,"6","45E3","Rock cook","derogated","*"
2024,"6","46E6","Ballan","derogated","*"
2024,"6","46E6","Wrasse","derogated","*"
2024,"6","46E7","Ballan","derogated","0.05344"
2024,"6","47E6","Ballan","derogated","*"
2024,"6","47E7","Ballan","derogated","0.6794"
2024,"6","48E9","Ballan","derogated","*"
2024,"6","49E8","Ballan","derogated","0.72419"
2024,"6","49E9","Ballan","derogated","*"
2024,"7","41E4","Ballan","derogated","*"
2024,"7","42E3","Ballan","derogated","*"
2024,"7","42E4","Ballan","derogated","2.1049"
2024,"7","42E4","Corkwing","derogated","1.1952"
2024,"7","42E4","Cuckoo","derogated","0.21408"
2024,"7","42E4","Goldsinny","derogated","0.1405"
2024,"7","42E4","Rock cook","derogated","*"
2024,"7","43E2","Ballan","derogated","0.42864"
2024,"7","43E2","Corkwing","derogated","0.3481"
2024,"7","43E2","Cuckoo","derogated","*"
2024,"7","43E2","Goldsinny","derogated","*"
2024,"7","43E3","Ballan","derogated","1.60882"
2024,"7","43E3","Corkwing","derogated","0.038"
2024,"7","43E3","Cuckoo","derogated","0.009"
2024,"7","43E3","Goldsinny","derogated","0.07984"
2024,"7","43E3","Rock cook","derogated","*"
2024,"7","43E4","Ballan","derogated","*"
2024,"7","43E4","Corkwing","derogated","*"
2024,"7","43E4","Cuckoo","derogated","*"
2024,"7","43E4","Goldsinny","derogated","*"
2024,"7","43E4","Rock cook","derogated","*"
2024,"7","43E5","Ballan","derogated","*"
2024,"7","43E5","Corkwing","derogated","*"
2024,"7","43E5","Goldsinny","derogated","*"
2024,"7","43E5","Rock cook","derogated","*"
2024,"7","44E2","Ballan","derogated","0.32752"
2024,"7","44E2","Corkwing","derogated","0.01634"
2024,"7","44E2","Cuckoo","derogated","0.00638"
2024,"7","44E2","Goldsinny","derogated","0.14464"
2024,"7","44E2","Rock cook","derogated","*"
2024,"7","44E3","Ballan","derogated","*"
2024,"7","44E3","Corkwing","derogated","*"
2024,"7","44E3","Cuckoo","derogated","*"
2024,"7","44E3","Goldsinny","derogated","*"
2024,"7","44E4","Ballan","derogated","0.74292"
2024,"7","44E4","Corkwing","derogated","0.03685"
2024,"7","44E4","Cuckoo","derogated","0.00192"
2024,"7","44E4","Goldsinny","derogated","0.05133"
2024,"7","44E4","Rock cook","derogated","0.05698"
2024,"7","45E3","Ballan","derogated","0.54924"
2024,"7","45E3","Corkwing","derogated","*"
2024,"7","45E3","Cuckoo","derogated","*"
2024,"7","45E3","Goldsinny","derogated","0.09705"
2024,"7","45E3","Rock cook","derogated","*"
2024,"7","46E6","Ballan","derogated","*"
2024,"7","46E7","Ballan","derogated","0.10926"
2024,"7","47E6","Ballan","derogated","0.15732"
2024,"7","47E7","Ballan","derogated","1.13296"
2024,"7","49E8","Ballan","derogated","2.17595"
2024,"7","49E9","Ballan","derogated","3.3497"
2024,"8","41E4","Ballan","derogated","*"
2024,"8","42E3","Ballan","derogated","1.099"
2024,"8","42E4","Ballan","derogated","2.5135"
2024,"8","42E4","Corkwing","derogated","1.53555"
2024,"8","42E4","Cuckoo","derogated","*"
2024,"8","42E4","Goldsinny","derogated","0.0848"
2024,"8","42E4","Rock cook","derogated","0.01825"
2024,"8","43E2","Ballan","derogated","0.69792"
2024,"8","43E2","Corkwing","derogated","*"
2024,"8","43E2","Cuckoo","derogated","*"
2024,"8","43E2","Goldsinny","derogated","*"
2024,"8","43E2","Rock cook","derogated","*"
2024,"8","43E3","Ballan","derogated","1.5453"
2024,"8","43E3","Corkwing","derogated","0.07117"
2024,"8","43E3","Cuckoo","derogated","0.01604"
2024,"8","43E3","Goldsinny","derogated","0.10679"
2024,"8","43E3","Rock cook","derogated","*"
2024,"8","43E4","Ballan","derogated","*"
2024,"8","43E4","Corkwing","derogated","*"
2024,"8","43E4","Cuckoo","derogated","*"
2024,"8","43E4","Goldsinny","derogated","*"
2024,"8","43E4","Rock cook","derogated","*"
2024,"8","43E5","Ballan","derogated","*"
2024,"8","43E5","Corkwing","derogated","*"
2024,"8","43E5","Goldsinny","derogated","*"
2024,"8","43E5","Rock cook","derogated","*"
2024,"8","44E2","Ballan","derogated","0.78414"
2024,"8","44E2","Corkwing","derogated","0.04618"
2024,"8","44E2","Cuckoo","derogated","0.00707"
2024,"8","44E2","Goldsinny","derogated","0.28281"
2024,"8","44E2","Rock cook","derogated","*"
2024,"8","44E3","Ballan","derogated","*"
2024,"8","44E3","Corkwing","derogated","*"
2024,"8","44E3","Cuckoo","derogated","*"
2024,"8","44E3","Goldsinny","derogated","*"
2024,"8","44E4","Ballan","derogated","0.21512"
2024,"8","44E4","Corkwing","derogated","*"
2024,"8","44E4","Cuckoo","derogated","*"
2024,"8","44E4","Goldsinny","derogated","*"
2024,"8","44E4","Rock cook","derogated","*"
2024,"8","44E6","Corkwing","derogated","*"
2024,"8","44E6","Rock cook","derogated","*"
2024,"8","45E3","Ballan","derogated","0.47886"
2024,"8","45E3","Corkwing","derogated","0.04"
2024,"8","45E3","Cuckoo","derogated","*"
2024,"8","45E3","Goldsinny","derogated","0.11448"
2024,"8","45E3","Rock cook","derogated","*"
2024,"8","45E4","Ballan","derogated","*"
2024,"8","46E6","Ballan","derogated","0.542"
2024,"8","46E7","Ballan","derogated","0.17292"
2024,"8","47E6","Ballan","derogated","*"
2024,"8","47E7","Ballan","derogated","1.26262"
2024,"8","49E8","Ballan","derogated","2.47712"
2024,"8","49E9","Ballan","derogated","1.97007"
2024,"9","42E3","Ballan","derogated","*"
2024,"9","42E3","Corkwing","derogated","*"
2024,"9","42E3","Goldsinny","derogated","*"
2024,"9","42E3","Rock cook","derogated","*"
2024,"9","42E4","Ballan","derogated","*"
2024,"9","42E4","Corkwing","derogated","*"
2024,"9","42E4","Goldsinny","derogated","*"
2024,"9","42E4","Rock cook","derogated","*"
2024,"9","43E2","Ballan","derogated","1.13816"
2024,"9","43E2","Corkwing","derogated","0.37785"
2024,"9","43E2","Cuckoo","derogated","0.0064"
2024,"9","43E2","Goldsinny","derogated","0.11115"
2024,"9","43E2","Rock cook","derogated","0.0045"
2024,"9","43E3","Ballan","derogated","1.72752"
2024,"9","43E3","Corkwing","derogated","*"
2024,"9","43E3","Cuckoo","derogated","*"
2024,"9","43E3","Goldsinny","derogated","0.03995"
2024,"9","43E3","Rock cook","derogated","*"
2024,"9","43E4","Ballan","derogated","*"
2024,"9","43E4","Corkwing","derogated","*"
2024,"9","43E4","Goldsinny","derogated","*"
2024,"9","43E4","Rock cook","derogated","*"
2024,"9","43E5","Ballan","derogated","*"
2024,"9","43E5","Corkwing","derogated","*"
2024,"9","43E5","Goldsinny","derogated","*"
2024,"9","43E5","Rock cook","derogated","*"
2024,"9","44E2","Ballan","derogated","1.56414"
2024,"9","44E2","Corkwing","derogated","0.18243"
2024,"9","44E2","Cuckoo","derogated","0.0317"
2024,"9","44E2","Goldsinny","derogated","0.29555"
2024,"9","44E2","Rock cook","derogated","*"
2024,"9","44E3","Ballan","derogated","*"
2024,"9","44E3","Corkwing","derogated","*"
2024,"9","44E3","Goldsinny","derogated","*"
2024,"9","44E4","Ballan","derogated","*"
2024,"9","44E4","Corkwing","derogated","*"
2024,"9","44E4","Cuckoo","derogated","*"
2024,"9","44E4","Goldsinny","derogated","*"
2024,"9","44E4","Rock cook","derogated","*"
2024,"9","44E6","Corkwing","derogated","*"
2024,"9","44E6","Rock cook","derogated","*"
2024,"9","45E3","Ballan","derogated","*"
2024,"9","45E3","Corkwing","derogated","*"
2024,"9","45E3","Goldsinny","derogated","*"
2024,"9","45E4","Ballan","derogated","*"
2024,"9","46E6","Ballan","derogated","*"
2024,"9","46E7","Ballan","derogated","0.41312"
2024,"9","47E6","Ballan","derogated","0.30302"
2024,"9","47E7","Ballan","derogated","1.61128"
2024,"9","49E8","Ballan","derogated","0.1495"
2024,"9","49E9","Ballan","derogated","*"
2024,"10","42E3","Ballan","derogated","*"
2024,"10","42E3","Corkwing","derogated","*"
2024,"10","43E2","Ballan","derogated","*"
2024,"10","43E2","Corkwing","derogated","*"
2024,"10","43E2","Cuckoo","derogated","*"
2024,"10","43E2","Goldsinny","derogated","*"
2024,"10","43E2","Rock cook","derogated","*"
2024,"10","43E3","Ballan","derogated","0.39812"
2024,"10","43E3","Corkwing","derogated","*"
2024,"10","43E3","Cuckoo","derogated","*"
2024,"10","43E3","Goldsinny","derogated","*"
2024,"10","43E3","Rock cook","derogated","*"
2024,"10","43E4","Ballan","derogated","*"
2024,"10","43E4","Corkwing","derogated","*"
2024,"10","43E4","Goldsinny","derogated","*"
2024,"10","43E4","Rock cook","derogated","*"
2024,"10","44E2","Ballan","derogated","0.24936"
2024,"10","44E2","Corkwing","derogated","*"
2024,"10","44E2","Cuckoo","derogated","*"
2024,"10","44E2","Goldsinny","derogated","0.06909"
2024,"10","44E2","Rock cook","derogated","*"
2024,"10","44E3","Ballan","derogated","*"
2024,"10","44E3","Corkwing","derogated","*"
2024,"10","44E3","Goldsinny","derogated","*"
2024,"10","45E3","Ballan","derogated","*"
2024,"10","45E3","Corkwing","derogated","*"
2024,"10","45E3","Goldsinny","derogated","*"
2024,"10","45E3","Rock cook","derogated","*"
2024,"10","45E4","Ballan","derogated","*"
2024,"10","46E6","Ballan","derogated","*"
2024,"10","46E7","Ballan","derogated","*"
2024,"10","47E6","Ballan","derogated","*"
2024,"10","47E7","Ballan","derogated","0.71131"
2024,"11","43E3","Ballan","derogated","0.24236"
2024,"11","43E4","Ballan","derogated","*"
2024,"11","45E4","Ballan","derogated","*"
2024,"11","46E6","Ballan","derogated","*"
2024,"11","46E7","Ballan","derogated","*"
2024,"11","47E7","Ballan","derogated","0.18406"
